时间,冷水机组冷冻供水温度,冷水机组冷冻回水温度,冷水机组冷却出水温度,冷水机组冷却回水温度,冷水机组蒸发压力,冷水机组冷凝压力,冷水机组蒸发器饱和温度,冷水机组凝气器饱和温度,冷水机组负荷比,冷水机组(电表)相电压Ua,冷水机组(电表)相电压Ub,冷水机组(电表)相电压Uc,冷水机组(电表)相电流Ia,冷水机组(电表)相电流Ib,冷水机组(电表)相电流Ic,冷水机组(电表)有功功率,冷水机组(电表)有功电度,cop
2021-07-10 00:00:00+00:00,14.7,22.9,33.3,29.9,388.9,737.0,14.8,33.0,1491.6,226.8,227.1,227.2,253.0,253.4,252.2,162.9,54574.0,9.156537753222837
2021-07-10 01:00:00+00:00,14.9,21.7,32.6,28.7,387.5,732.9,15.0,32.8,1247.4,225.5,225.9,226.3,193.4,195.8,193.4,130.1,54720.0,9.588009223674096
2021-07-10 02:00:00+00:00,14.9,20.9,32.1,28.9,384.7,723.3,14.9,32.4,1155.0,226.5,226.8,227.1,178.6,179.0,175.4,122.7,54850.0,9.41320293398533
2021-07-10 03:00:00+00:00,14.1,20.9,32.7,29.3,366.8,739.8,13.8,33.1,1310.1,227.1,227.5,227.8,202.7,205.8,201.1,140.2,54978.0,9.34450784593438
2021-07-10 04:00:00+00:00,13.9,20.4,33.2,29.7,359.9,750.1,13.2,33.5,1376.1,227.4,227.8,227.8,233.0,232.5,227.8,148.0,55114.0,9.297972972972973
2021-07-10 05:00:00+00:00,14.1,19.9,31.8,28.7,365.4,716.4,13.7,32.2,1211.1,228.1,228.7,228.8,189.9,190.1,189.0,127.4,55243.0,9.506279434850864
2021-07-10 06:00:00+00:00,14.4,19.6,32.4,29.5,360.6,739.8,13.3,33.1,1485.0,227.8,228.2,228.3,227.7,225.9,224.3,167.7,55377.0,8.855098389982114
2021-07-10 07:00:00+00:00,13.7,19.4,32.0,29.2,370.9,715.7,13.9,32.1,1065.9,226.9,227.5,227.6,184.8,187.2,181.9,114.7,55522.0,9.29293809938971
2021-07-10 08:00:00+00:00,14.3,19.4,32.2,29.6,376.5,729.5,14.3,32.7,1280.4,224.5,224.9,224.9,234.9,240.6,233.4,147.0,55673.0,8.710204081632652
2021-07-10 12:00:00+00:00,14.2,22.7,32.6,29.7,372.3,740.5,14.0,33.1,1673.1,224.2,225.1,225.0,264.0,266.0,263.0,171.0,99971.0,9.784210526315787
2021-07-10 13:00:00+00:00,14.0,21.5,34.2,29.7,375.1,783.2,14.2,34.9,1722.6,222.6,223.7,223.0,279.0,283.0,278.0,189.0,100181.0,9.114285714285714
2021-07-10 14:00:00+00:00,14.0,20.4,32.8,29.1,364.0,747.4,13.6,33.4,1435.5,223.5,224.1,224.0,239.0,241.0,235.0,156.0,100348.0,9.201923076923077
2021-07-10 15:00:00+00:00,14.3,19.8,32.1,29.1,374.4,735.7,14.2,32.9,1518.0,224.7,225.3,226.0,266.0,268.0,264.0,167.0,100500.0,9.089820359281438
2021-07-10 18:00:00+00:00,13.7,21.7,35.9,31.6,369.6,792.2,13.9,35.3,2042.7,228.0,230.0,230.0,365.0,367.0,362.0,235.2,70638.7,8.684948979591837
2021-07-10 19:00:00+00:00,14.1,20.8,34.2,29.7,373.7,773.6,14.1,34.5,1745.7,229.0,230.0,230.0,272.0,275.0,273.0,187.5,70828.9,9.3104
2021-07-10 22:00:00+00:00,14.0,21.7,34.3,28.8,367.5,792.2,13.8,35.2,2075.7,228.0,229.0,229.0,323.0,329.0,320.0,224.2,71115.3,9.258251561106157
2021-07-10 23:00:00+00:00,13.8,20.6,33.3,28.9,367.5,743.3,13.7,33.3,1577.4,227.0,228.0,228.0,244.0,246.0,242.0,173.3,71295.1,9.102135025966533
2021-07-11 00:00:00+00:00,14.0,19.9,32.7,29.4,375.8,735.7,14.3,33.0,1386.0,228.0,228.0,229.0,209.0,211.0,210.0,140.8,71457.3,9.84375
2021-07-11 01:00:00+00:00,14.0,19.7,32.2,28.6,367.5,726.0,13.7,32.4,1465.2,229.0,230.0,230.0,224.0,227.0,224.0,152.8,71608.5,9.589005235602095
2021-07-11 02:00:00+00:00,13.7,19.6,33.2,29.7,357.8,703.3,13.2,31.5,1455.3,230.0,230.0,231.0,237.0,237.0,235.0,187.7,71760.3,7.75332978156633
2021-07-11 03:00:00+00:00,14.0,19.5,32.8,29.8,368.9,748.1,13.9,33.4,1435.5,230.0,231.0,231.0,222.0,225.0,221.0,153.6,71907.9,9.345703125
2021-07-11 04:00:00+00:00,14.1,19.5,31.7,28.7,370.2,712.9,13.9,31.9,1254.0,227.0,228.0,228.0,190.0,190.0,188.0,130.1,72054.2,9.638739431206764
2021-07-11 05:00:00+00:00,13.8,19.3,32.3,29.0,369.6,716.4,13.9,32.2,1263.9,228.0,229.0,230.0,197.0,196.0,194.0,146.2,72202.0,8.64500683994528
2021-07-11 06:00:00+00:00,13.9,19.3,33.1,29.8,367.5,730.8,13.7,32.7,1435.5,229.0,230.0,230.0,233.0,234.0,230.0,156.5,72349.9,9.172523961661344
2021-07-11 07:00:00+00:00,14.0,19.3,31.7,28.5,375.8,710.2,14.3,31.8,1296.9,230.0,230.0,230.0,188.0,192.0,189.0,130.2,72490.8,9.960829493087557
2021-07-11 08:00:00+00:00,13.9,19.2,32.4,29.3,368.2,721.2,13.8,32.3,1277.1,227.0,228.0,228.0,202.0,203.0,200.0,143.0,72635.8,8.930769230769231
2021-07-11 11:00:00+00:00,14.8,21.4,32.8,28.9,384.7,742.6,14.8,33.3,1336.5,222.0,222.2,222.0,220.0,219.0,217.0,155.0,100697.0,8.62258064516129
2021-07-11 12:00:00+00:00,15.2,20.6,32.1,28.8,383.3,740.5,14.7,33.2,1362.9,221.9,223.7,223.0,214.0,223.0,214.0,129.0,100838.0,10.565116279069766
2021-07-11 13:00:00+00:00,14.8,20.2,31.9,29.0,384.7,728.1,14.7,32.6,1257.3,221.7,223.0,222.0,215.0,216.0,212.0,146.0,100983.0,8.611643835616437
2021-07-11 16:00:00+00:00,14.8,22.2,33.4,28.9,388.9,755.7,15.1,33.8,1524.6,223.1,223.3,223.0,250.0,248.0,246.0,161.0,101206.0,9.469565217391304
2021-07-11 17:00:00+00:00,14.9,21.2,32.7,29.1,382.7,739.8,14.7,33.2,1287.0,222.0,222.0,222.0,209.0,208.0,208.0,134.0,101366.0,9.6044776119403
2021-07-11 18:00:00+00:00,14.7,20.4,32.3,29.1,386.1,730.8,14.8,32.8,1389.3,222.9,224.1,224.0,194.0,198.0,193.0,181.0,101507.0,7.675690607734807
2021-07-11 19:00:00+00:00,15.5,20.3,31.8,28.9,392.3,739.8,15.3,33.1,1356.3,224.0,224.2,224.0,203.0,200.0,201.0,143.0,101649.0,9.484615384615383
2021-07-11 20:00:00+00:00,15.1,20.2,32.3,29.6,389.6,748.1,15.2,33.5,1313.4,222.9,224.8,224.0,213.0,222.0,213.0,139.0,101797.0,9.448920863309354
2021-07-11 21:00:00+00:00,15.1,20.1,32.9,29.6,384.0,736.4,14.8,33.1,1320.0,224.7,223.6,224.0,229.0,226.0,224.0,150.0,101945.0,8.8
2021-07-11 22:00:00+00:00,15.0,19.9,33.3,30.4,380.6,757.7,14.6,33.9,1379.4,223.2,223.9,224.0,237.0,240.0,235.0,159.0,102087.0,8.675471698113206
2021-07-11 23:00:00+00:00,14.0,20.9,32.8,28.6,336.5,741.2,11.8,33.1,1455.3,229.0,230.0,230.0,290.0,295.0,293.0,308.0,39161.0,4.725
2021-07-12 00:00:00+00:00,14.9,20.9,32.9,28.9,384.0,743.3,14.8,33.3,1524.6,231.0,231.0,231.0,230.0,234.0,232.0,159.0,39322.0,9.588679245283018
2021-07-12 01:00:00+00:00,15.0,20.3,32.6,28.8,385.4,735.7,14.8,32.9,1399.2,228.0,229.0,229.0,207.0,210.0,208.0,141.0,39467.0,9.923404255319149
2021-07-12 02:00:00+00:00,14.9,20.3,31.8,29.0,385.4,717.7,14.9,32.1,1323.3,229.0,230.0,230.0,190.0,194.0,190.0,129.0,39609.0,10.258139534883721
2021-07-12 03:00:00+00:00,14.8,20.1,31.7,28.9,384.0,710.8,14.8,31.9,1267.2,230.0,231.0,231.0,193.0,192.0,193.0,130.0,39745.0,9.747692307692308
2021-07-12 04:00:00+00:00,15.1,20.1,31.6,28.9,385.4,714.3,14.9,31.9,1290.3,230.0,230.0,230.0,188.0,188.0,185.0,127.0,39878.0,10.15984251968504
2021-07-12 05:00:00+00:00,15.3,19.9,32.4,28.9,388.2,738.4,15.1,33.1,1465.2,230.0,230.0,230.0,215.0,215.0,213.0,140.0,40018.0,10.465714285714286
2021-07-12 06:00:00+00:00,15.0,19.9,31.8,28.8,383.3,717.1,14.8,32.1,1310.1,230.0,230.0,230.0,192.0,192.0,192.0,130.0,40157.0,10.077692307692308
2021-07-12 07:00:00+00:00,14.8,20.1,31.6,28.7,382.0,706.0,14.6,31.7,1234.2,227.0,227.0,227.0,191.0,191.0,189.0,123.0,40292.0,10.034146341463416
2021-07-12 08:00:00+00:00,15.1,19.9,31.7,28.8,389.6,724.6,15.2,32.4,1336.5,227.0,227.0,227.0,199.0,199.0,196.0,128.0,40422.0,10.44140625
2021-07-12 12:00:00+00:00,14.8,22.7,33.7,29.3,384.0,753.6,14.8,33.7,1999.8,227.0,228.0,227.0,356.0,359.0,356.0,220.0,40706.0,9.09
2021-07-12 13:00:00+00:00,14.8,21.4,33.6,29.4,388.9,751.5,15.1,33.6,1518.0,228.0,229.0,228.0,235.0,236.0,232.0,156.5,72852.5,9.699680511182107
2021-07-12 14:00:00+00:00,15.1,21.1,32.7,28.9,387.5,732.9,15.1,32.8,1402.5,227.0,228.0,228.0,212.0,214.0,209.0,139.7,73009.2,10.039370078740156
2021-07-12 17:00:00+00:00,15.1,22.7,34.3,29.5,382.0,797.0,14.7,35.4,1798.5,225.6,225.8,226.0,294.0,296.0,294.0,198.0,102137.0,9.083333333333334
2021-07-12 18:00:00+00:00,15.1,21.7,33.1,29.2,386.1,755.0,15.0,33.7,1488.3,228.5,228.3,228.0,226.0,224.0,223.0,154.0,102302.0,9.664285714285716
2021-07-12 19:00:00+00:00,14.8,21.1,32.2,29.0,378.5,734.3,14.4,32.9,1488.3,229.4,229.2,230.0,185.0,183.0,182.0,180.0,102448.0,8.268333333333333
2021-07-12 21:00:00+00:00,14.9,22.7,33.5,29.1,388.9,763.2,15.1,34.1,1574.1,231.0,230.7,231.0,242.0,240.0,240.0,168.0,102601.0,9.369642857142855
2021-07-12 22:00:00+00:00,15.1,22.2,32.7,29.2,382.0,745.3,14.7,33.3,1343.1,227.8,228.3,228.0,204.0,205.0,199.0,142.0,102752.0,9.458450704225351
2021-07-12 23:00:00+00:00,14.8,21.4,32.4,29.2,379.9,742.6,14.6,33.2,1541.1,227.7,228.0,228.0,195.0,193.0,191.0,142.0,102900.0,10.852816901408449
2021-07-13 00:00:00+00:00,15.1,20.8,32.2,29.3,390.9,731.5,15.3,32.7,1280.4,227.5,227.8,228.0,209.0,210.0,209.0,141.0,103050.0,9.080851063829787
2021-07-13 01:00:00+00:00,14.1,20.8,32.5,29.2,375.1,741.9,14.2,33.1,1369.5,230.4,230.7,231.0,226.0,226.0,222.0,155.0,103197.0,8.835483870967742
2021-07-13 02:00:00+00:00,14.1,20.7,32.5,29.2,360.6,742.6,13.3,33.3,1409.1,231.6,232.0,232.0,238.0,240.0,238.0,164.0,103364.0,8.592073170731707
2021-07-13 03:00:00+00:00,13.8,20.4,32.9,29.9,368.9,735.7,13.8,33.0,1333.2,230.8,231.1,231.0,236.0,240.0,236.0,160.0,103528.0,8.3325
2021-07-13 04:00:00+00:00,13.8,19.6,31.8,29.1,371.6,719.1,14.0,32.2,1267.2,226.5,226.8,227.0,215.0,214.0,210.0,143.0,103680.0,8.861538461538462
2021-07-13 05:00:00+00:00,14.1,20.1,31.9,29.1,362.0,723.9,13.3,32.4,1336.5,227.3,227.7,228.0,222.0,224.0,220.0,148.0,103830.0,9.030405405405405
2021-07-13 06:00:00+00:00,13.8,19.5,31.9,29.3,375.1,728.8,14.2,32.7,1263.9,226.9,227.4,227.0,219.0,219.0,219.0,144.0,103979.0,8.777083333333332
2021-07-13 07:00:00+00:00,14.1,19.7,32.1,29.3,366.1,727.4,13.7,32.6,1313.4,226.8,227.0,227.0,220.0,219.0,218.0,150.0,104126.0,8.756
2021-07-13 08:00:00+00:00,13.7,19.6,32.4,29.6,368.9,730.2,13.8,32.7,1300.2,222.5,222.8,223.0,228.0,226.0,225.0,161.0,104277.0,8.075776397515527
2021-07-13 11:00:00+00:00,15.0,23.4,34.1,29.5,388.2,781.9,15.0,34.8,1712.7,225.1,225.5,225.3,276.8,280.0,272.8,182.2,55851.0,9.400109769484084
2021-07-13 12:00:00+00:00,15.1,22.4,33.6,29.7,386.1,766.0,14.9,34.2,1485.0,226.9,227.3,227.1,229.6,230.1,226.9,156.2,56019.0,9.507042253521126
2021-07-13 13:00:00+00:00,14.9,21.6,32.9,28.8,381.3,727.4,14.7,32.6,1257.3,224.6,225.3,225.2,202.1,203.0,197.3,130.6,56158.0,9.627105666156202
2021-07-13 16:00:00+00:00,15.1,23.8,37.1,31.4,384.7,878.4,14.9,38.6,2359.5,223.9,224.9,224.6,407.2,409.6,404.0,271.0,56291.0,8.706642066420665
2021-07-13 17:00:00+00:00,14.8,22.3,32.8,29.4,377.8,743.9,14.4,33.3,1653.3,228.5,228.8,228.8,252.5,252.6,249.1,168.6,56501.0,9.806049822064056
2021-07-13 18:00:00+00:00,15.0,21.5,33.0,29.6,385.4,743.3,14.9,33.3,1296.9,230.0,230.4,230.4,207.2,205.4,204.6,137.1,56652.0,9.459518599562363
2021-07-13 19:00:00+00:00,15.2,21.3,32.1,29.0,387.5,728.8,15.0,32.6,1207.8,229.0,229.3,229.4,180.6,179.7,174.9,116.5,56773.0,10.367381974248929
2021-07-13 20:00:00+00:00,16.1,21.0,33.1,29.4,390.2,768.1,15.2,34.3,1353.0,232.0,232.0,232.0,211.0,209.0,204.0,119.0,40965.0,11.369747899159664
2021-07-14 00:00:00+00:00,14.8,23.2,34.6,29.7,375.1,761.9,14.2,33.9,1795.2,228.2,228.6,228.9,305.4,307.2,305.0,198.6,57049.0,9.0392749244713
2021-07-14 01:00:00+00:00,14.1,21.8,33.5,29.6,376.5,755.0,14.3,33.8,1409.1,228.9,229.4,229.4,220.2,221.4,217.8,153.0,57203.0,9.209803921568627
2021-07-14 02:00:00+00:00,13.9,21.2,33.0,29.3,366.8,738.4,13.7,33.2,1362.9,229.4,229.9,230.1,229.4,230.7,227.4,153.4,57357.0,8.884615384615385
2021-07-14 03:00:00+00:00,13.9,20.5,32.7,29.0,368.9,735.7,13.8,33.0,1277.1,227.1,227.5,227.7,209.4,210.6,207.0,138.9,57493.0,9.194384449244064
2021-07-14 04:00:00+00:00,13.9,20.2,32.1,28.9,368.9,719.1,13.9,32.3,1158.3,226.6,226.8,227.0,188.3,185.9,187.2,122.4,57630.0,9.463235294117649
2021-07-14 05:00:00+00:00,14.5,20.3,32.2,29.2,383.3,719.1,14.8,32.3,1313.4,226.8,227.0,227.3,232.5,232.0,229.3,153.8,57777.0,8.539661898569571
2021-07-14 06:00:00+00:00,13.7,19.9,33.2,29.9,360.6,751.5,13.3,33.6,1336.5,226.4,226.7,227.0,264.5,268.6,264.2,159.5,57918.0,8.379310344827585
2021-07-14 07:00:00+00:00,14.1,20.0,32.0,28.8,365.4,726.0,13.7,32.5,1412.4,225.7,225.9,226.3,242.1,240.3,237.8,147.8,58061.0,9.55615696887686
2021-07-14 08:00:00+00:00,14.1,19.7,31.9,29.2,368.2,720.5,13.8,32.2,1135.2,226.5,227.0,227.0,183.2,183.0,180.6,118.2,58190.0,9.604060913705585
2021-07-14 09:00:00+00:00,14.9,19.7,32.6,30.2,386.8,723.9,14.9,32.4,1056.0,226.6,226.9,226.7,177.6,180.6,176.3,119.7,58324.0,8.822055137844611
2021-07-14 10:00:00+00:00,14.8,19.8,33.4,30.8,389.6,743.3,15.1,33.4,1131.9,224.9,225.0,224.8,201.1,201.9,198.1,131.4,58453.0,8.614155251141549
2021-07-14 11:00:00+00:00,14.8,20.3,32.2,29.1,375.1,719.1,14.2,32.2,1079.1,227.0,227.5,227.2,199.4,193.9,194.7,131.2,58584.0,8.224847560975611
2021-07-14 12:00:00+00:00,14.9,20.8,31.8,28.7,382.7,711.5,14.8,31.9,1102.2,225.7,226.3,226.1,177.6,176.3,172.3,115.8,58715.0,9.518134715025909
2021-07-14 13:00:00+00:00,15.2,20.7,31.6,28.8,384.0,715.0,14.7,32.1,1079.1,227.6,228.2,227.8,167.7,169.4,164.2,103.4,58832.0,10.436170212765957
2021-07-14 14:00:00+00:00,15.2,20.8,32.1,29.2,384.7,725.3,14.8,32.5,1135.2,227.5,227.9,227.8,179.8,183.5,177.9,111.8,58961.0,10.153846153846157
2021-07-14 15:00:00+00:00,16.3,20.7,32.4,29.6,400.6,720.5,15.8,32.4,1013.1,229.9,230.4,230.3,173.9,174.2,170.4,108.5,59074.0,9.337327188940092
2021-07-14 16:00:00+00:00,16.7,21.1,32.3,29.2,402.7,739.1,15.9,33.0,1191.3,228.6,228.9,228.8,188.2,191.8,186.1,114.1,59192.0,10.440841367221736
2021-07-14 17:00:00+00:00,16.4,21.2,33.0,30.4,404.7,743.9,16.1,33.3,1207.8,228.5,229.1,228.8,159.8,158.9,154.2,141.4,59315.0,8.54172560113154
2021-07-14 18:00:00+00:00,16.6,21.4,33.0,30.2,408.2,741.9,16.3,33.2,1145.1,227.2,227.8,227.6,169.0,174.1,169.9,119.0,59441.0,9.622689075630252
2021-07-14 19:00:00+00:00,16.6,21.6,32.5,29.9,410.2,735.7,16.4,32.8,1069.2,226.9,227.3,227.3,161.8,162.4,159.7,103.2,59564.0,10.36046511627907
2021-07-14 22:00:00+00:00,14.9,23.6,34.0,30.1,386.8,784.6,14.9,34.9,1953.6,228.7,228.7,229.0,305.0,306.0,303.0,203.0,104538.0,9.623645320197044
2021-07-14 23:00:00+00:00,14.0,22.3,33.3,29.3,370.9,755.7,13.9,33.8,1541.1,228.5,228.7,229.0,249.0,247.0,244.0,168.0,104742.0,9.173214285714286
2021-07-15 00:00:00+00:00,14.2,21.4,32.9,29.5,364.0,761.9,13.5,34.0,1557.6,229.9,229.9,230.0,225.0,225.0,221.0,160.0,104910.0,9.735
2021-07-15 01:00:00+00:00,14.0,20.8,33.2,28.9,370.2,763.2,13.9,34.1,1442.1,224.9,225.3,225.0,241.0,244.0,238.0,159.0,105067.0,9.069811320754717
2021-07-15 02:00:00+00:00,13.9,20.3,32.9,29.6,372.3,741.9,14.1,33.2,1362.9,225.0,225.2,225.0,235.0,232.0,233.0,157.0,105236.0,8.680891719745224
2021-07-15 03:00:00+00:00,13.9,20.1,32.5,29.5,368.9,734.3,13.8,32.9,1333.2,226.1,226.4,226.0,235.0,236.0,233.0,155.0,105399.0,8.601290322580645
2021-07-15 04:00:00+00:00,13.7,20.0,32.6,29.7,365.4,737.0,13.6,33.1,1346.4,226.7,226.8,227.0,240.0,239.0,238.0,161.0,105555.0,8.362732919254661
2021-07-15 05:00:00+00:00,13.8,20.1,32.2,29.3,371.6,728.8,14.0,32.6,1320.0,226.8,227.1,227.0,225.0,224.0,219.0,154.0,105716.0,8.571428571428571
2021-07-15 06:00:00+00:00,14.0,19.9,32.6,29.4,371.6,741.9,14.1,33.2,1369.5,226.5,226.9,227.0,241.0,238.0,238.0,158.0,105878.0,8.667721518987344
2021-07-15 07:00:00+00:00,13.8,19.9,32.4,29.7,371.6,737.0,14.1,32.9,1323.3,225.1,225.4,226.0,239.0,237.0,235.0,153.0,106038.0,8.649019607843139
2021-07-15 08:00:00+00:00,14.2,20.2,32.7,29.8,370.9,741.9,14.0,33.2,1369.5,222.6,223.0,223.0,240.0,242.0,238.0,159.0,106196.0,8.613207547169809
2021-07-15 11:00:00+00:00,14.9,22.4,34.3,29.8,379.9,761.2,14.7,34.4,1617.0,221.5,221.8,222.0,269.0,268.0,265.0,176.0,106413.0,9.1875
2021-07-15 12:00:00+00:00,14.7,21.5,34.0,30.4,386.1,772.2,15.0,34.5,1564.2,224.0,224.2,224.0,319.0,318.0,317.0,195.0,106577.0,8.021538461538462
2021-07-15 13:00:00+00:00,15.2,20.9,32.5,29.6,397.1,740.5,15.6,33.1,1419.0,223.1,223.4,224.0,241.0,241.0,237.0,157.0,106744.0,9.038216560509554
2021-07-15 15:00:00+00:00,14.8,22.7,33.6,29.7,383.3,744.6,14.8,33.4,1557.6,228.0,228.2,228.0,271.0,272.0,272.0,174.0,106869.0,8.951724137931034
2021-07-15 16:00:00+00:00,15.1,22.2,34.4,30.3,377.8,770.1,14.6,34.8,1653.3,226.4,226.9,227.0,267.0,266.0,261.0,180.0,107033.0,9.185
2021-07-15 17:00:00+00:00,15.0,21.4,33.7,29.6,383.3,772.9,14.7,34.6,1521.3,226.8,227.2,227.0,242.0,242.0,236.0,165.0,107197.0,9.22
2021-07-15 18:00:00+00:00,14.7,21.0,32.3,29.2,384.0,732.9,14.8,32.9,1432.2,226.1,226.5,226.0,191.0,193.0,188.0,172.0,107349.0,8.326744186046513
2021-07-15 19:00:00+00:00,14.8,20.7,31.8,28.6,386.8,715.7,15.0,32.1,1125.3,226.0,226.0,226.0,175.0,175.0,174.0,130.0,107480.0,8.656153846153845
2021-07-15 20:00:00+00:00,15.2,20.6,31.5,28.4,382.7,731.5,14.7,32.7,1376.1,225.9,225.8,226.0,224.0,224.0,220.0,143.0,107624.0,9.623076923076924
2021-07-15 22:00:00+00:00,13.4,22.9,35.1,28.8,370.9,785.3,14.1,34.9,1808.4,226.7,227.0,227.0,425.0,425.0,426.0,202.0,107657.0,8.95247524752475
2021-07-15 23:00:00+00:00,15.1,22.6,33.8,29.7,381.3,779.1,14.7,34.7,1643.4,227.9,228.1,228.0,263.0,263.0,259.0,171.0,107840.0,9.610526315789476
2021-07-16 00:00:00+00:00,15.2,21.6,32.9,29.5,391.6,759.1,15.3,33.9,1445.4,227.4,227.5,228.0,212.0,212.0,208.0,148.0,107992.0,9.766216216216216
2021-07-16 01:00:00+00:00,15.2,20.9,32.3,28.9,387.5,747.4,15.0,33.4,1336.5,229.5,229.8,230.0,223.0,221.0,217.0,152.0,108138.0,8.792763157894736
2021-07-16 02:00:00+00:00,14.8,20.9,32.6,29.3,375.1,740.5,14.3,33.2,1521.3,230.3,230.5,231.0,246.0,246.0,239.0,154.0,108291.0,9.878571428571428
2021-07-16 03:00:00+00:00,14.7,20.8,33.1,29.8,376.5,759.8,14.3,33.9,1461.9,230.9,230.9,231.0,224.0,222.0,221.0,182.0,108442.0,8.032417582417581
2021-07-16 04:00:00+00:00,15.0,20.7,32.4,29.7,380.6,739.1,14.6,33.1,1287.0,231.0,231.2,231.0,217.0,218.0,214.0,148.0,108586.0,8.695945945945946
2021-07-16 05:00:00+00:00,14.9,20.6,33.0,30.1,387.5,748.1,15.1,33.5,1329.9,231.5,231.7,232.0,221.0,219.0,217.0,152.0,108730.0,8.749342105263159
2021-07-16 06:00:00+00:00,14.9,20.5,32.7,29.7,375.8,741.2,14.3,33.2,1356.3,231.1,231.4,231.0,220.0,219.0,216.0,153.0,108872.0,8.864705882352943
2021-07-16 07:00:00+00:00,14.9,20.6,31.9,29.4,385.4,731.5,14.9,32.7,1254.0,230.6,231.0,231.0,204.0,203.0,199.0,137.0,109019.0,9.153284671532845
2021-07-16 08:00:00+00:00,14.6,20.5,32.4,29.3,375.8,730.8,14.3,32.7,1290.3,225.7,226.2,226.0,290.0,291.0,290.0,172.0,109160.0,7.501744186046512
2021-07-16 09:00:00+00:00,15.1,20.5,31.4,28.6,388.9,721.2,15.1,32.3,1273.8,223.2,223.3,223.0,205.0,204.0,203.0,137.0,109294.0,9.297810218978102
2021-07-16 10:00:00+00:00,14.9,20.7,32.7,29.2,389.6,737.7,15.1,33.0,1689.6,221.8,222.3,222.0,262.0,263.0,259.0,187.0,109471.0,9.03529411764706
2021-07-16 11:00:00+00:00,13.4,20.3,34.3,29.6,362.7,788.8,13.4,35.2,2194.5,220.6,221.1,221.0,363.0,362.0,362.0,248.0,109700.0,8.848790322580646
2021-07-16 12:00:00+00:00,13.7,20.3,33.3,29.3,366.8,774.3,13.7,34.6,2016.3,224.5,224.8,225.0,321.0,320.0,317.0,215.0,109936.0,9.37813953488372
2021-07-16 13:00:00+00:00,13.4,18.8,33.3,29.5,364.0,747.4,13.5,33.4,1821.6,225.5,226.0,226.0,298.0,298.0,296.0,214.0,110168.0,8.51214953271028
2021-07-16 14:00:00+00:00,13.4,19.6,34.9,28.8,358.5,818.4,13.2,36.3,2260.5,223.7,223.9,224.0,380.0,382.0,379.0,255.0,110382.0,8.864705882352943
2021-07-16 15:00:00+00:00,13.4,19.7,34.8,29.2,359.9,815.0,13.2,36.2,2230.8,224.5,224.7,225.0,386.0,386.0,383.0,256.0,110622.0,8.714062499999999
2021-07-16 16:00:00+00:00,13.6,19.6,33.4,29.2,364.7,785.3,13.6,35.0,2042.7,224.3,224.9,225.0,333.0,332.0,330.0,224.0,110857.0,9.11919642857143
2021-07-16 17:00:00+00:00,13.5,19.9,33.8,29.7,366.8,771.5,13.6,34.4,1963.5,224.5,224.8,225.0,337.0,340.0,335.0,217.0,111092.0,9.048387096774192
2021-07-16 18:00:00+00:00,16.2,19.1,31.1,29.7,441.3,678.4,18.3,30.4,768.9,227.3,227.7,228.0,119.0,120.0,116.0,78.0,111288.0,9.857692307692307
2021-07-16 19:00:00+00:00,15.8,20.2,31.6,29.7,397.8,717.1,15.7,32.2,1059.3,227.1,227.1,227.0,176.0,173.0,171.0,114.0,111396.0,9.292105263157897
2021-07-16 22:00:00+00:00,15.0,22.2,33.7,30.4,382.7,776.3,14.8,34.6,1386.0,230.4,230.6,231.0,222.0,222.0,220.0,150.0,111550.0,9.24
2021-07-16 23:00:00+00:00,14.8,22.1,33.4,29.8,384.7,756.4,14.8,33.8,1290.3,230.2,230.3,230.0,229.0,228.0,225.0,149.0,111710.0,8.659731543624163
2021-07-17 00:00:00+00:00,15.1,21.6,32.6,29.4,385.4,736.4,15.0,32.9,1376.1,228.5,228.6,228.0,224.0,224.0,220.0,154.0,111866.0,8.935714285714285
2021-07-17 01:00:00+00:00,14.9,21.1,32.5,29.5,386.8,727.4,15.1,32.6,1296.9,229.6,229.9,230.0,212.0,213.0,210.0,146.0,112019.0,8.882876712328766
2021-07-17 02:00:00+00:00,14.9,21.1,32.6,29.4,386.1,741.2,14.9,33.2,1310.1,227.2,227.3,228.0,216.0,218.0,219.0,150.0,112163.0,8.734000000000002
2021-07-17 03:00:00+00:00,14.9,20.9,31.4,28.8,388.9,715.0,15.1,32.0,1178.1,228.4,228.5,229.0,192.0,192.0,189.0,129.0,112300.0,9.132558139534883
2021-07-17 04:00:00+00:00,14.2,20.3,32.7,29.7,370.2,758.4,13.9,33.9,1521.3,229.4,229.9,230.0,250.0,250.0,250.0,159.0,112459.0,9.567924528301885
2021-07-17 05:00:00+00:00,14.1,20.4,31.9,28.9,367.5,726.7,13.8,32.5,1310.1,230.0,230.2,230.0,215.0,218.0,213.0,146.0,112618.0,8.973287671232876
2021-07-17 06:00:00+00:00,14.3,20.0,32.7,29.8,366.8,746.7,13.7,33.4,1389.3,230.1,230.5,230.0,239.0,232.0,232.0,162.0,112769.0,8.575925925925926
2021-07-17 07:00:00+00:00,13.9,19.9,31.7,28.9,366.1,716.4,13.7,32.1,1273.8,229.4,229.7,230.0,213.0,208.0,211.0,143.0,112920.0,8.907692307692308
2021-07-17 08:00:00+00:00,14.0,20.2,32.7,29.8,367.5,732.9,13.8,32.8,1356.3,225.3,225.4,226.0,238.0,236.0,236.0,159.0,113074.0,8.530188679245283
2021-07-17 09:00:00+00:00,13.8,19.8,32.7,30.0,366.8,743.3,13.7,33.3,1353.0,224.0,224.3,224.0,239.0,238.0,240.0,159.0,113227.0,8.50943396226415
2021-07-17 10:00:00+00:00,13.8,20.7,33.2,30.1,364.7,755.0,13.6,33.7,1541.1,223.2,223.3,224.0,282.0,280.0,278.0,168.0,113385.0,9.173214285714286
2021-07-17 11:00:00+00:00,13.7,20.3,33.5,30.5,362.0,755.7,13.4,33.8,1461.9,227.9,228.1,228.0,257.0,253.0,252.0,173.0,113524.0,8.45028901734104
2021-07-17 12:00:00+00:00,14.1,20.3,33.3,29.9,365.4,754.3,13.6,33.7,1587.3,229.0,229.0,229.0,246.0,245.0,243.0,167.0,41149.0,9.504790419161676
2021-07-17 13:00:00+00:00,15.1,20.1,31.4,29.0,384.0,711.5,14.8,31.9,1254.0,228.0,228.0,228.0,181.0,183.0,177.0,118.0,41295.0,10.627118644067796
2021-07-17 14:00:00+00:00,15.1,20.2,32.0,29.0,378.5,724.6,14.5,32.4,1386.0,225.0,226.0,225.0,203.0,205.0,202.0,140.0,41424.0,9.9
2021-07-17 17:00:00+00:00,14.9,22.7,33.6,30.6,386.8,777.0,15.0,34.6,1699.5,224.0,224.3,224.0,265.0,265.0,262.0,179.0,113576.0,9.494413407821225
2021-07-17 18:00:00+00:00,15.2,21.4,32.3,28.7,385.4,744.6,14.9,33.3,1435.5,227.5,227.8,228.0,216.0,216.0,214.0,148.0,113731.0,9.699324324324325
2021-07-17 19:00:00+00:00,15.1,20.7,31.3,28.2,389.6,712.9,15.2,31.9,1174.8,228.2,228.3,228.0,175.0,177.0,174.0,116.0,113861.0,10.12758620689655
2021-07-17 20:00:00+00:00,14.7,20.6,31.6,28.7,386.8,713.6,15.1,32.1,1211.1,227.4,227.8,228.0,229.0,229.0,227.0,143.0,113989.0,8.46923076923077
2021-07-17 21:00:00+00:00,15.1,20.5,31.2,28.1,373.7,715.7,14.1,32.1,1263.9,228.0,228.1,228.0,205.0,205.0,203.0,137.0,114122.0,9.225547445255476
2021-07-17 22:00:00+00:00,14.8,20.5,31.9,29.2,379.9,735.0,14.6,32.9,1306.8,224.5,224.6,225.0,230.0,228.0,228.0,174.0,114259.0,7.5103448275862075
2021-07-17 23:00:00+00:00,15.2,20.6,32.1,29.3,387.5,729.5,15.1,32.7,1247.4,223.0,223.4,223.0,213.0,212.0,208.0,138.0,114394.0,9.039130434782608
2021-07-18 00:00:00+00:00,15.1,20.8,31.7,28.8,392.3,722.6,15.3,32.4,1240.8,225.0,225.1,225.0,198.0,203.0,200.0,134.0,114529.0,9.259701492537316
2021-07-18 01:00:00+00:00,14.8,20.7,31.5,28.6,374.4,726.0,14.2,32.5,1432.2,226.1,226.3,226.0,252.0,256.0,252.0,137.0,114666.0,10.454014598540146
2021-07-18 02:00:00+00:00,14.7,20.7,31.3,28.5,381.3,708.8,14.7,31.8,1191.3,227.8,228.2,228.0,207.0,207.0,204.0,132.0,114798.0,9.025
2021-07-18 03:00:00+00:00,14.8,20.6,31.3,28.2,388.2,705.3,15.1,31.7,1164.9,229.2,229.3,230.0,189.0,186.0,187.0,125.0,114931.0,9.3192
2021-07-18 04:00:00+00:00,15.2,20.7,32.3,29.6,387.5,732.9,15.0,32.8,1244.1,227.1,227.4,228.0,210.0,211.0,207.0,139.0,115070.0,8.950359712230217
2021-07-18 05:00:00+00:00,15.2,20.8,31.7,28.8,385.4,715.0,14.9,32.0,1257.3,227.8,228.3,228.0,207.0,207.0,204.0,140.0,115209.0,8.980714285714285
2021-07-18 06:00:00+00:00,14.4,20.5,32.7,29.5,364.0,757.7,13.4,33.9,1574.1,227.4,227.5,228.0,256.0,255.0,254.0,180.0,115353.0,8.745
2021-07-18 07:00:00+00:00,14.3,20.4,31.8,28.7,375.1,725.3,14.2,32.5,1475.1,226.6,226.7,227.0,253.0,255.0,253.0,165.0,115508.0,8.94
2021-07-18 08:00:00+00:00,13.8,20.2,31.3,28.3,370.2,709.5,13.9,31.8,1221.0,224.7,225.1,225.0,213.0,211.0,208.0,143.0,115653.0,8.538461538461537
2021-07-18 09:00:00+00:00,13.8,19.8,32.6,29.3,359.2,748.1,13.2,33.5,1442.1,222.6,222.8,223.0,257.0,257.0,255.0,157.0,115806.0,9.185350318471338
2021-07-18 10:00:00+00:00,14.3,19.7,32.4,29.4,364.7,760.5,13.5,34.0,1422.3,223.4,223.7,224.0,247.0,244.0,241.0,155.0,115963.0,9.176129032258064
2021-07-18 11:00:00+00:00,15.1,19.7,31.7,29.0,387.5,726.0,15.1,32.4,1201.2,223.3,223.5,224.0,200.0,199.0,195.0,131.0,116109.0,9.169465648854963
2021-07-18 12:00:00+00:00,14.9,19.9,31.5,28.8,376.5,717.1,14.3,32.2,1240.8,223.6,223.7,224.0,210.0,210.0,208.0,138.0,116239.0,8.991304347826087
2021-07-18 13:00:00+00:00,14.5,20.1,34.0,30.3,387.5,764.6,15.1,34.1,1369.5,222.7,222.6,223.0,241.0,239.0,237.0,174.0,116378.0,7.870689655172414
2021-07-18 14:00:00+00:00,15.1,20.2,32.6,30.1,395.1,742.6,15.4,33.2,1230.9,222.7,223.0,223.0,210.0,212.0,209.0,138.0,116521.0,8.919565217391305
2021-07-18 15:00:00+00:00,15.2,20.3,31.9,29.2,390.9,720.5,15.2,32.3,1290.3,222.8,223.0,223.0,212.0,213.0,212.0,141.0,116660.0,9.151063829787233
2021-07-18 16:00:00+00:00,14.7,20.4,31.9,29.1,379.9,723.3,14.6,32.4,1240.8,223.9,223.7,224.0,215.0,213.0,212.0,143.0,116802.0,8.676923076923076
2021-07-18 17:00:00+00:00,14.8,20.4,32.1,29.4,394.4,719.8,15.5,32.2,1214.4,223.3,223.4,223.0,206.0,207.0,206.0,132.0,116936.0,9.2
2021-07-18 18:00:00+00:00,14.9,20.4,32.8,29.6,375.1,735.7,14.2,33.0,1336.5,224.3,224.5,224.0,237.0,236.0,236.0,154.0,117071.0,8.678571428571429
2021-07-18 22:00:00+00:00,14.9,24.0,34.6,28.8,377.8,771.5,14.4,34.5,2326.5,223.2,223.4,224.0,381.0,378.0,375.0,264.0,117264.0,8.8125
2021-07-18 23:00:00+00:00,14.9,22.2,33.5,28.9,386.1,759.1,14.9,33.9,1518.0,223.0,223.0,223.0,254.0,254.0,252.0,164.0,117454.0,9.25609756097561
2021-07-19 00:00:00+00:00,14.9,21.0,32.2,28.8,389.6,730.2,15.2,32.7,1214.4,225.4,225.7,226.0,188.0,190.0,185.0,126.0,117598.0,9.638095238095238
2021-07-19 01:00:00+00:00,13.8,20.7,33.3,29.8,366.8,761.9,13.7,34.1,1686.3,226.7,227.1,227.0,307.0,306.0,304.0,160.0,117742.0,10.539375
2021-07-19 02:00:00+00:00,14.4,20.3,33.2,30.0,382.7,756.4,14.7,33.8,1491.6,227.6,228.0,228.0,247.0,249.0,246.0,167.0,117913.0,8.931736526946107
2021-07-19 03:00:00+00:00,14.2,20.1,32.9,29.8,370.2,750.1,13.9,33.4,1395.9,224.7,225.1,226.0,236.0,238.0,235.0,161.0,118079.0,8.670186335403727
2021-07-19 04:00:00+00:00,13.7,20.0,32.7,29.5,360.6,743.3,13.3,33.3,1412.4,223.3,223.7,224.0,249.0,248.0,248.0,163.0,118245.0,8.665030674846626
2021-07-19 05:00:00+00:00,13.9,19.9,32.3,29.3,362.7,734.3,13.4,32.9,1379.4,223.9,224.4,225.0,237.0,242.0,235.0,157.0,118405.0,8.785987261146497
2021-07-19 06:00:00+00:00,14.2,19.8,31.8,28.9,365.4,729.5,13.7,32.7,1323.3,223.8,224.0,224.0,227.0,227.0,225.0,150.0,118557.0,8.822000000000001
2021-07-19 07:00:00+00:00,14.0,19.7,32.5,29.8,366.8,748.8,13.7,33.6,1389.3,221.9,222.3,222.0,249.0,250.0,249.0,162.0,118709.0,8.575925925925926
2021-07-19 09:00:00+00:00,15.1,21.8,32.7,28.7,301.3,809.4,9.2,35.9,2197.8,224.3,224.6,225.0,467.0,472.0,464.0,327.0,118736.0,6.721100917431192
2021-07-19 10:00:00+00:00,14.9,21.8,33.4,29.3,386.8,759.1,15.0,33.9,1435.5,223.7,223.9,224.0,228.0,228.0,226.0,160.0,118912.0,8.971875
2021-07-19 12:00:00+00:00,14.9,21.9,33.2,30.2,387.5,748.1,15.1,33.5,1498.2,228.8,229.3,229.3,232.3,232.5,230.4,163.8,59667.0,9.146520146520146
2021-07-19 13:00:00+00:00,15.0,21.7,33.8,29.6,385.4,761.2,14.9,34.0,1508.1,227.5,228.0,227.8,244.3,243.5,241.8,162.6,59832.0,9.27490774907749
2021-07-19 15:00:00+00:00,14.9,22.4,32.8,29.7,384.0,734.3,14.8,32.8,1620.3,228.7,229.0,229.0,247.2,250.1,245.8,169.1,59989.0,9.581904198698997
2021-07-19 16:00:00+00:00,15.1,21.6,33.6,29.1,385.4,765.3,14.9,34.2,1620.3,228.1,228.5,228.5,241.8,242.7,238.7,166.4,60165.0,9.737379807692307
2021-07-19 17:00:00+00:00,15.0,20.8,32.4,29.1,388.2,735.0,15.0,32.8,1230.9,229.5,229.5,229.6,188.0,188.6,186.6,128.3,60302.0,9.593920498830864
2021-07-19 18:00:00+00:00,14.9,20.7,32.9,29.4,382.7,741.2,14.7,33.2,1254.0,230.3,230.7,230.6,194.4,196.2,190.2,132.5,60430.0,9.464150943396227
2021-07-19 19:00:00+00:00,14.9,20.6,30.9,28.1,388.9,692.9,15.1,31.1,1019.7,229.3,229.8,230.0,151.0,149.9,147.5,99.2,60551.0,10.279233870967742
2021-07-19 22:00:00+00:00,15.1,23.3,34.5,28.9,384.7,799.8,14.8,35.5,2187.9,230.0,231.0,231.0,321.0,323.0,319.0,225.0,41722.0,9.724
2021-07-19 23:00:00+00:00,15.1,21.7,33.2,28.7,380.6,755.0,14.6,33.7,1808.4,226.0,226.0,226.0,267.0,271.0,267.0,184.0,41909.0,9.828260869565216
2021-07-20 00:00:00+00:00,15.0,21.2,31.7,28.7,386.8,713.6,15.0,31.9,1313.4,228.0,228.0,228.0,191.0,193.0,188.0,135.0,42066.0,9.728888888888891
2021-07-20 01:00:00+00:00,14.9,20.8,32.1,28.4,376.5,728.8,14.4,32.7,1501.5,226.0,226.0,226.0,222.0,222.0,219.0,152.0,42206.0,9.87828947368421
2021-07-20 02:00:00+00:00,14.9,20.7,31.9,28.4,382.0,724.6,14.7,32.4,1432.2,227.0,227.0,227.0,213.0,213.0,210.0,144.0,42338.0,9.945833333333333
2021-07-20 03:00:00+00:00,14.9,20.5,32.1,28.9,385.4,721.2,14.9,32.3,1320.0,228.0,228.0,228.0,194.0,199.0,194.0,138.0,42476.0,9.565217391304348
2021-07-20 04:00:00+00:00,15.0,20.5,31.9,28.8,383.3,720.5,14.8,32.3,1313.4,228.0,228.0,228.0,192.0,194.0,190.0,131.0,42613.0,10.025954198473283
2021-07-20 05:00:00+00:00,14.9,20.6,31.5,28.7,384.7,708.8,14.8,31.8,1277.1,228.0,229.0,229.0,188.0,190.0,187.0,126.0,42745.0,10.135714285714286
2021-07-20 06:00:00+00:00,15.0,20.4,32.2,28.7,377.8,735.7,14.4,32.9,1395.9,228.0,228.0,228.0,210.0,212.0,210.0,133.0,42872.0,10.495488721804511
2021-07-20 07:00:00+00:00,15.0,20.4,32.2,29.0,383.3,721.9,14.8,32.4,1362.9,227.0,228.0,228.0,205.0,207.0,207.0,137.0,43005.0,9.948175182481751
2021-07-20 08:00:00+00:00,15.1,20.4,31.1,28.2,386.8,704.6,15.1,31.6,1277.1,225.0,225.0,225.0,184.0,186.0,182.0,124.0,43137.0,10.299193548387096
2021-07-20 11:00:00+00:00,15.8,23.3,35.2,28.8,396.4,776.3,15.7,34.6,1953.6,225.0,225.0,225.0,316.0,318.0,316.0,213.6,73093.7,9.146067415730338
2021-07-20 12:00:00+00:00,9.7,21.9,33.2,27.6,303.4,762.6,9.3,34.1,2362.8,226.0,227.0,227.0,406.0,410.0,403.0,270.1,73405.7,8.747871158830062
2021-07-20 13:00:00+00:00,10.2,19.9,33.9,28.6,320.6,779.8,10.5,34.8,2115.3,226.0,227.0,227.0,352.0,353.0,348.0,243.8,73655.6,8.676374077112385
2021-07-20 17:00:00+00:00,10.0,22.6,34.9,29.2,300.6,785.3,9.1,35.0,2709.3,226.0,227.0,227.0,489.0,496.0,489.0,325.9,73926.7,8.31328628413624
2021-07-20 20:00:00+00:00,15.2,21.9,33.3,28.5,390.9,758.4,15.3,33.8,1597.2,228.0,229.0,229.0,233.0,236.0,232.0,164.2,74351.5,9.727161997563947
2021-07-20 21:00:00+00:00,14.8,20.8,32.6,28.6,388.2,725.3,15.0,32.4,1207.8,229.0,230.0,230.0,185.0,186.0,181.0,135.5,74496.6,8.913653136531368
2021-07-21 00:00:00+00:00,14.9,20.5,33.2,29.4,384.0,740.5,14.8,33.1,1224.3,227.0,228.0,228.0,194.0,194.0,192.0,136.5,74735.0,8.96923076923077
2021-07-21 01:00:00+00:00,15.1,21.6,33.2,28.5,388.9,746.0,15.1,33.4,1455.3,227.0,228.0,228.0,216.0,218.0,214.0,145.4,74886.3,10.008940852819807
2021-07-21 02:00:00+00:00,14.9,21.1,32.8,28.9,394.4,735.7,15.5,32.9,1257.3,228.0,228.0,228.0,190.0,190.0,188.0,132.6,75027.0,9.481900452488688
2021-07-21 03:00:00+00:00,14.8,20.2,32.4,28.7,384.7,724.6,14.8,32.5,1155.0,229.0,229.0,229.0,178.0,180.0,177.0,127.5,75159.3,9.058823529411764
2021-07-21 04:00:00+00:00,15.2,20.4,32.2,29.3,395.1,736.4,15.5,32.9,1079.1,229.0,229.0,230.0,155.0,152.0,152.0,104.5,75284.2,10.326315789473686
2021-07-21 05:00:00+00:00,14.9,20.5,32.3,28.8,384.7,723.9,14.9,32.5,1151.7,228.0,229.0,229.0,184.0,183.0,181.0,121.1,75406.1,9.510322047894302
2021-07-21 06:00:00+00:00,14.9,20.3,32.2,28.9,384.0,723.3,14.9,32.4,1085.7,228.0,228.0,228.0,169.0,168.0,167.0,114.1,75525.4,9.515337423312884
2021-07-21 07:00:00+00:00,14.9,20.3,31.8,28.2,384.0,712.9,14.8,32.0,1151.7,227.0,228.0,228.0,181.0,184.0,179.0,120.5,75641.1,9.557676348547718
2021-07-21 08:00:00+00:00,14.8,20.3,32.6,28.9,383.3,731.5,14.8,32.7,1181.4,225.0,226.0,226.0,194.0,196.0,189.0,123.5,75757.3,9.565991902834007
2021-07-21 12:00:00+00:00,14.9,22.6,35.4,29.2,380.6,808.8,14.6,35.9,2009.7,229.0,230.0,230.0,321.0,325.0,318.0,222.2,76042.1,9.044554455445548
2021-07-21 13:00:00+00:00,15.0,20.9,34.1,30.1,386.1,768.8,15.0,34.3,1356.3,228.0,229.0,229.0,209.0,211.0,206.0,143.7,76215.2,9.4384133611691
2021-07-21 14:00:00+00:00,15.0,20.4,33.5,29.8,386.1,748.1,14.9,33.4,1240.8,224.0,225.0,225.0,200.0,200.0,198.0,130.7,76355.4,9.493496557000766
2021-07-21 17:00:00+00:00,14.9,22.8,34.4,29.6,377.8,794.3,14.3,35.3,2006.4,226.0,227.0,227.0,315.0,314.0,312.0,213.4,76538.9,9.402061855670103
2021-07-21 18:00:00+00:00,14.9,20.8,33.9,29.3,383.3,761.9,14.7,34.0,1442.1,229.0,230.0,230.0,228.0,228.0,225.0,161.9,76720.1,8.907350216182827
2021-07-21 20:00:00+00:00,14.8,22.4,33.6,28.9,383.3,752.2,14.8,33.6,2118.6,230.0,231.0,231.0,343.0,346.0,342.0,225.0,43320.0,9.416
2021-07-21 21:00:00+00:00,14.9,20.8,33.6,29.4,383.3,752.9,14.8,33.6,1722.6,228.0,229.0,229.0,258.0,258.0,258.0,183.0,43524.0,9.413114754098359
2021-07-21 22:00:00+00:00,15.1,20.0,32.2,28.7,386.8,727.4,14.9,32.6,1422.3,230.0,231.0,230.0,207.0,207.0,203.0,140.0,43685.0,10.159285714285714
2021-07-22 01:00:00+00:00,15.3,23.8,34.9,31.2,387.5,818.4,15.0,36.3,1597.2,227.0,228.0,228.0,226.0,230.0,226.0,165.4,76799.3,9.65659008464329
2021-07-22 01:00:00+00:00,15.0,23.7,34.8,29.9,385.4,795.0,15.0,35.3,1795.2,227.0,227.0,227.0,275.0,277.0,275.0,182.0,43852.0,9.863736263736264
2021-07-22 02:00:00+00:00,14.9,21.0,33.4,28.9,384.0,755.0,14.8,33.8,1745.7,228.0,229.0,229.0,264.0,266.0,264.0,177.0,44036.0,9.862711864406778
2021-07-22 03:00:00+00:00,14.0,20.0,33.1,28.9,372.3,750.1,14.0,33.4,1653.3,229.0,229.0,229.0,251.0,250.0,247.0,173.0,44232.0,9.55664739884393
2021-07-22 04:00:00+00:00,13.9,20.0,32.7,29.2,371.6,736.4,14.1,33.0,1478.4,228.0,228.0,228.0,237.0,237.0,232.0,153.0,44402.0,9.662745098039217
2021-07-22 05:00:00+00:00,13.8,19.9,32.9,29.3,370.2,737.7,13.9,33.0,1475.1,228.0,228.0,228.0,232.0,233.0,232.0,154.0,44560.0,9.578571428571427
2021-07-22 06:00:00+00:00,13.9,19.9,31.6,28.6,368.2,707.4,13.8,31.7,1329.9,228.0,228.0,228.0,197.0,197.0,196.0,145.0,44715.0,9.171724137931037
2021-07-22 07:00:00+00:00,14.2,19.7,32.1,28.7,368.9,726.0,13.8,32.6,1541.1,226.0,227.0,227.0,233.0,233.0,230.0,156.0,44864.0,9.878846153846151
2021-07-22 08:00:00+00:00,14.2,19.8,32.4,29.1,370.2,734.3,14.0,32.8,1455.3,226.0,226.0,226.0,224.0,222.0,219.0,150.0,45007.0,9.702
2021-07-22 11:00:00+00:00,15.1,21.7,33.9,29.0,390.2,779.1,15.2,34.7,1663.2,227.0,228.0,228.0,255.0,257.0,253.0,176.5,76967.0,9.423229461756378
2021-07-22 12:00:00+00:00,15.0,20.4,33.4,29.1,384.0,748.8,14.9,33.5,1395.9,226.0,227.0,227.0,229.0,229.0,226.0,150.2,77128.6,9.293608521970707
2021-07-22 13:00:00+00:00,15.2,20.2,32.1,28.7,393.0,725.3,15.3,32.4,1197.9,224.0,225.0,225.0,171.0,173.0,169.0,117.6,77262.4,10.186224489795917
2021-07-22 16:00:00+00:00,13.9,20.9,34.6,29.0,366.8,790.8,13.7,35.2,2118.6,229.0,229.0,229.0,335.0,337.0,333.0,228.0,45325.0,9.292105263157897
2021-07-22 17:00:00+00:00,14.1,19.9,33.2,29.0,370.9,763.2,14.0,34.1,1788.6,230.0,231.0,231.0,256.0,257.0,253.0,183.0,45516.0,9.773770491803278
2021-07-22 18:00:00+00:00,14.1,20.2,33.5,29.6,366.1,764.6,13.7,34.1,1742.4,225.0,226.0,226.0,274.0,275.0,271.0,172.0,45691.0,10.130232558139538
2021-07-22 19:00:00+00:00,14.1,19.8,32.6,29.2,371.6,744.6,14.1,33.2,1544.4,225.0,225.0,225.0,229.0,229.0,226.0,156.0,45852.0,9.9
2021-07-22 22:00:00+00:00,14.1,21.9,34.2,29.1,372.3,801.9,14.0,35.7,2349.6,225.0,226.0,225.0,353.0,353.0,352.0,242.0,46093.0,9.709090909090909
2021-07-22 23:00:00+00:00,14.3,20.1,33.7,29.1,367.5,772.2,13.9,34.3,1887.6,225.0,226.0,226.0,289.0,289.0,287.0,202.0,46302.0,9.344554455445543
2021-07-23 00:00:00+00:00,13.9,20.1,32.8,29.2,371.6,734.3,13.9,32.9,1445.4,227.0,227.0,227.0,221.0,223.0,221.0,159.0,46475.0,9.090566037735847
2021-07-23 01:00:00+00:00,14.1,19.9,32.9,29.6,370.2,744.6,13.9,33.4,1544.4,226.0,226.0,226.0,240.0,242.0,237.0,161.0,46639.0,9.592546583850933
2021-07-23 02:00:00+00:00,13.9,19.8,32.8,29.3,370.9,740.5,13.9,33.1,1465.2,227.0,227.0,227.0,227.0,226.0,226.0,150.0,46795.0,9.767999999999999
2021-07-23 03:00:00+00:00,14.0,19.9,33.1,29.8,368.2,748.8,13.8,33.4,1541.1,228.0,228.0,228.0,239.0,239.0,236.0,162.0,46955.0,9.512962962962963
2021-07-23 04:00:00+00:00,14.1,19.8,32.7,29.3,370.9,742.6,14.1,33.2,1491.6,228.0,229.0,229.0,225.0,225.0,221.0,153.0,47111.0,9.749019607843136
2021-07-23 05:00:00+00:00,14.2,19.8,33.2,29.7,376.5,761.9,14.3,34.0,1554.3,228.0,228.0,228.0,240.0,240.0,238.0,162.0,47270.0,9.594444444444443
2021-07-23 06:00:00+00:00,14.2,19.7,32.5,29.2,372.3,738.4,14.1,33.0,1541.1,228.0,228.0,228.0,232.0,233.0,230.0,149.0,47428.0,10.342953020134226
2021-07-23 07:00:00+00:00,13.8,19.8,32.3,29.2,372.3,729.5,13.9,32.7,1379.4,227.0,227.0,228.0,217.0,216.0,216.0,142.0,47578.0,9.714084507042255
2021-07-23 08:00:00+00:00,14.1,19.8,33.4,30.1,370.9,760.5,13.9,34.0,1478.4,227.0,228.0,227.0,228.0,231.0,227.0,156.0,47732.0,9.476923076923075
2021-07-23 11:00:00+00:00,14.9,21.8,34.4,30.1,389.6,781.9,15.2,34.8,1567.5,226.3,227.0,226.7,250.1,251.7,247.8,172.2,60739.0,9.102787456445991
2021-07-23 12:00:00+00:00,14.6,21.4,33.1,30.4,384.7,728.8,14.8,32.6,1240.8,229.3,229.8,229.7,239.8,241.3,234.9,146.7,60895.0,8.458077709611452
2021-07-23 13:00:00+00:00,15.0,20.8,33.5,30.2,384.7,757.7,14.9,33.8,1320.0,225.6,226.2,225.9,209.3,212.3,207.0,138.9,61031.0,9.503239740820732
2021-07-23 14:00:00+00:00,15.2,20.8,33.1,29.4,384.0,750.1,14.9,33.5,1287.0,224.9,225.6,225.2,201.0,205.3,197.3,124.3,61163.0,10.353982300884958
2021-07-23 17:00:00+00:00,15.1,22.3,33.6,30.3,390.2,755.0,15.2,33.8,1623.6,226.0,227.0,227.0,252.0,256.0,249.0,165.1,77548.8,9.834039975772258
2021-07-23 18:00:00+00:00,14.9,21.5,33.4,29.3,384.7,746.0,14.9,33.4,1277.1,230.0,231.0,231.0,204.0,204.0,201.0,137.0,77698.5,9.32189781021898
2021-07-23 21:00:00+00:00,14.9,23.9,34.4,29.7,392.3,788.8,15.3,35.1,2009.7,227.0,228.0,228.0,313.0,314.0,309.0,207.7,77868.0,9.675974963890226
2021-07-23 22:00:00+00:00,15.2,22.4,34.0,29.9,393.0,796.3,15.4,35.4,1722.6,229.0,230.0,230.0,245.0,248.0,245.0,176.2,78047.2,9.776390465380251
2021-07-23 23:00:00+00:00,15.0,21.4,33.9,29.8,382.7,760.5,14.8,34.0,1366.2,229.0,230.0,230.0,217.0,222.0,216.0,146.6,78215.4,9.31923601637108
2021-07-24 00:00:00+00:00,14.8,21.1,33.4,29.7,386.1,743.9,14.9,33.3,1164.9,229.0,230.0,230.0,179.0,182.0,178.0,133.3,78359.3,8.738934733683418
2021-07-24 01:00:00+00:00,15.1,20.8,33.8,30.1,388.2,768.8,15.1,34.3,1313.4,230.0,231.0,231.0,204.0,204.0,200.0,140.8,78490.6,9.328125
2021-07-24 02:00:00+00:00,15.1,20.8,33.2,29.8,388.2,754.3,15.1,33.7,1244.1,229.0,230.0,230.0,190.0,193.0,189.0,135.0,78622.2,9.215555555555557
2021-07-24 03:00:00+00:00,15.0,20.4,33.4,30.2,388.2,757.0,15.1,33.8,1211.1,227.0,228.0,228.0,192.0,196.0,192.0,128.2,78751.1,9.446957878315132
2021-07-24 04:00:00+00:00,14.9,20.7,32.9,29.3,384.7,735.0,14.8,32.9,1102.2,227.0,227.0,227.0,183.0,183.0,182.0,119.7,78887.4,9.208020050125313
2021-07-24 05:00:00+00:00,14.9,20.6,31.8,28.8,392.3,709.5,15.3,31.7,976.8,228.0,228.0,229.0,151.0,151.0,150.0,102.1,79014.4,9.56709108716944
2021-07-24 06:00:00+00:00,14.7,20.6,33.4,29.6,381.3,734.3,14.7,33.0,1214.4,227.0,228.0,228.0,243.0,242.0,240.0,151.7,79147.9,8.005273566249176
2021-07-24 07:00:00+00:00,15.0,20.8,33.1,29.7,384.0,741.2,14.8,33.1,1211.1,226.0,227.0,227.0,203.0,204.0,200.0,134.6,79286.1,8.997771173848443
2021-07-24 08:00:00+00:00,14.9,20.6,32.8,28.8,386.8,734.3,14.9,32.9,1155.0,228.0,229.0,228.0,183.0,185.0,179.0,128.3,79419.4,9.002338269680436
2021-07-24 09:00:00+00:00,14.9,20.0,33.4,29.9,386.1,750.8,14.9,33.6,1221.0,226.0,226.0,226.0,195.0,195.0,193.0,134.6,79555.6,9.071322436849924
2021-07-24 12:00:00+00:00,15.1,23.2,35.0,29.8,386.1,816.3,14.9,36.3,2352.9,228.0,229.0,229.0,377.0,377.0,373.0,248.0,47996.0,9.4875
2021-07-24 13:00:00+00:00,15.2,21.4,33.2,30.2,384.7,760.5,14.8,34.0,1818.3,226.0,226.0,226.0,262.0,261.0,259.0,176.0,48216.0,10.33125
2021-07-24 14:00:00+00:00,14.7,20.7,33.9,29.6,379.9,750.8,14.6,33.6,1712.7,223.0,223.0,223.0,284.0,287.0,281.0,173.0,48394.0,9.9
2021-07-24 15:00:00+00:00,14.9,20.0,33.7,29.9,386.8,767.4,14.9,34.2,1584.0,224.0,224.0,224.0,244.0,244.0,240.0,166.0,48568.0,9.542168674698797
2021-07-24 16:00:00+00:00,15.1,20.0,33.7,29.8,385.4,767.4,14.9,34.3,1617.0,224.0,224.0,224.0,240.0,243.0,240.0,163.0,48731.0,9.920245398773003
2021-07-24 18:00:00+00:00,15.1,22.4,35.2,30.0,390.2,814.3,15.2,36.2,1910.7,229.0,230.0,230.0,294.0,295.0,293.0,204.0,79706.5,9.366176470588236
2021-07-24 19:00:00+00:00,15.2,21.3,33.7,29.9,395.8,764.6,15.6,34.2,1329.9,230.0,230.0,231.0,194.0,196.0,193.0,134.4,79883.9,9.895089285714286
2021-07-24 20:00:00+00:00,14.8,20.6,33.7,29.5,386.8,753.6,14.9,33.7,1306.8,231.0,231.0,231.0,206.0,208.0,204.0,152.8,80032.8,8.552356020942407
2021-07-24 21:00:00+00:00,15.2,20.8,33.3,29.8,382.0,750.1,14.7,33.6,1263.9,231.0,232.0,232.0,186.0,187.0,185.0,130.9,80164.8,9.655462184873947
2021-07-24 22:00:00+00:00,15.3,20.6,33.4,29.8,386.1,763.2,14.9,34.1,1366.2,226.0,227.0,227.0,208.0,209.0,206.0,143.0,80294.8,9.553846153846154
2021-07-24 23:00:00+00:00,15.1,20.5,33.3,29.4,388.2,746.7,15.2,33.4,1181.4,226.0,227.0,227.0,187.0,188.0,188.0,125.0,80425.5,9.451199999999998
2021-07-25 00:00:00+00:00,14.9,20.5,32.8,29.3,373.0,738.4,14.2,33.1,1442.1,227.0,228.0,228.0,251.0,253.0,251.0,174.9,80560.8,8.245283018867923
2021-07-25 01:00:00+00:00,15.1,20.7,32.8,29.3,381.3,741.9,14.7,33.2,1257.3,226.0,226.0,227.0,192.0,194.0,193.0,133.4,80688.3,9.425037481259368
2021-07-25 02:00:00+00:00,14.8,20.6,33.1,29.1,386.1,732.2,14.9,32.8,1118.7,225.0,226.0,226.0,181.0,181.0,180.0,116.8,80817.6,9.577910958904114
2021-07-25 03:00:00+00:00,14.8,20.5,32.2,29.0,386.8,717.1,15.0,32.2,1003.2,226.0,227.0,227.0,172.0,172.0,170.0,108.8,80954.4,9.220588235294116
2021-07-25 04:00:00+00:00,15.1,19.8,32.2,29.1,391.6,728.8,15.3,32.6,1181.4,227.0,227.0,227.0,178.0,181.0,179.0,119.4,81092.0,9.894472361809044
2021-07-25 05:00:00+00:00,14.9,19.9,33.2,29.3,382.0,743.9,14.7,33.3,1197.9,228.0,228.0,228.0,195.0,196.0,193.0,133.6,81222.1,8.966317365269461
2021-07-25 06:00:00+00:00,15.0,20.2,32.6,29.3,385.4,735.7,14.9,32.9,1151.7,228.0,229.0,229.0,179.0,179.0,176.0,120.3,81351.3,9.573566084788029
2021-07-25 07:00:00+00:00,15.2,20.4,32.9,29.4,381.3,745.3,14.6,33.3,1300.2,228.0,229.0,229.0,194.0,196.0,194.0,136.5,81472.5,9.525274725274725
2021-07-25 08:00:00+00:00,14.9,20.1,33.4,29.5,388.9,748.1,15.1,33.4,1201.2,226.0,227.0,227.0,190.0,192.0,191.0,131.4,81602.2,9.141552511415526
2021-07-25 11:00:00+00:00,15.1,23.3,35.9,30.2,382.7,812.9,14.7,36.1,2164.8,221.7,222.3,222.5,359.7,361.1,357.3,224.2,61308.0,9.655664585191793
2021-07-25 12:00:00+00:00,14.9,22.4,34.2,30.1,382.7,754.3,14.7,34.2,1587.3,224.1,224.6,224.7,270.1,272.5,268.5,171.8,61493.0,9.239231664726423
2021-07-25 13:00:00+00:00,15.1,21.3,33.4,29.8,383.3,758.4,14.7,33.8,1386.0,222.6,223.3,223.2,218.9,220.3,215.8,146.9,61647.0,9.43498978897209
2021-07-25 16:00:00+00:00,15.2,22.8,33.3,29.8,385.4,767.4,14.8,34.3,1785.3,222.4,222.9,222.9,262.2,264.8,260.6,182.4,61913.0,9.787828947368421
2021-07-25 17:00:00+00:00,15.0,21.6,34.2,30.4,384.0,772.2,14.8,34.4,1428.9,222.4,223.0,223.0,233.4,236.3,229.3,158.6,62085.0,9.009457755359398
2021-07-25 18:00:00+00:00,15.1,21.1,33.9,30.3,388.2,772.2,15.1,34.5,1442.1,224.7,225.4,225.4,221.1,222.4,219.4,150.1,62234.0,9.607594936708859
2021-07-25 19:00:00+00:00,14.9,20.9,33.9,30.4,378.5,766.0,14.4,34.2,1356.3,225.1,226.0,225.9,224.0,225.3,222.4,146.7,62375.0,9.245398773006137
2021-07-25 20:00:00+00:00,15.1,20.7,33.8,30.3,382.0,768.1,14.7,34.3,1386.0,225.6,226.2,226.4,223.4,227.7,222.9,146.9,62522.0,9.43498978897209
2021-07-25 22:00:00+00:00,14.9,23.0,34.8,30.6,384.0,795.0,14.8,35.4,2161.5,224.9,225.8,226.0,346.1,349.3,345.6,229.1,62604.0,9.434744652989961
2021-07-25 23:00:00+00:00,15.1,21.6,33.9,30.4,390.2,783.9,15.3,34.9,1663.2,225.4,225.8,226.1,258.9,260.3,257.9,166.1,62803.0,10.013245033112584
2021-07-26 00:00:00+00:00,15.1,20.7,34.2,30.6,389.6,777.0,15.2,34.6,1409.1,226.6,227.0,227.3,219.2,218.6,217.4,148.0,62966.0,9.520945945945943
2021-07-26 01:00:00+00:00,14.9,20.4,33.2,29.7,386.1,744.6,14.9,33.3,1277.1,228.0,228.4,228.7,196.8,198.1,196.5,134.4,63110.0,9.502232142857146
2021-07-26 02:00:00+00:00,14.9,20.2,33.7,29.9,386.8,756.4,14.9,33.8,1263.9,227.6,228.1,228.5,199.2,202.6,197.0,137.8,63248.0,9.171988388969519
2021-07-26 03:00:00+00:00,15.1,20.1,34.3,30.8,382.7,783.2,14.7,34.8,1389.3,228.1,228.3,228.7,221.3,218.4,218.9,153.3,63390.0,9.06262230919765
2021-07-26 04:00:00+00:00,15.1,20.0,33.3,29.8,388.2,756.4,15.1,33.8,1333.2,228.5,228.6,229.2,201.1,201.6,199.5,141.1,63526.0,9.448618001417435
2021-07-26 05:00:00+00:00,15.1,19.9,32.9,30.0,392.3,746.7,15.3,33.4,1224.3,228.7,229.0,229.5,185.4,187.2,185.3,118.7,63660.0,10.314237573715248
2021-07-26 06:00:00+00:00,14.9,20.0,33.2,29.8,388.2,748.8,15.1,33.4,1247.4,228.4,228.6,228.9,198.4,197.8,195.8,131.2,63802.0,9.507621951219512
2021-07-26 07:00:00+00:00,15.2,20.0,33.4,30.0,385.4,761.2,14.9,34.0,1379.4,226.6,226.8,227.2,215.4,217.6,217.8,147.0,63933.0,9.383673469387755
2021-07-26 08:00:00+00:00,15.0,20.6,33.1,29.8,378.5,745.3,14.5,33.5,1267.2,224.6,224.7,225.0,205.4,203.5,201.6,129.1,64060.0,9.815646785437648
2021-07-26 11:00:00+00:00,15.2,21.8,35.1,30.6,388.2,819.1,15.1,36.3,1864.5,221.0,222.0,222.0,305.0,309.0,304.0,183.8,81898.1,10.144178454842221
2021-07-26 12:00:00+00:00,15.2,20.8,34.2,30.4,384.0,785.3,14.9,35.0,1488.3,225.0,226.0,226.0,218.0,223.0,220.0,153.9,82067.9,9.670565302144249
2021-07-26 13:00:00+00:00,14.9,20.5,33.8,29.8,386.1,761.9,14.9,34.0,1336.5,222.0,223.0,223.0,221.0,223.0,220.0,143.5,82233.3,9.313588850174217
2021-07-26 14:00:00+00:00,15.1,20.2,33.9,30.1,385.4,770.1,14.9,34.3,1395.9,225.0,226.0,226.0,220.0,222.0,217.0,139.7,82357.0,9.992125984251972
2021-07-26 15:00:00+00:00,14.9,20.3,33.7,29.9,387.5,760.5,14.9,34.0,1306.8,226.0,227.0,227.0,219.0,220.0,216.0,143.7,82496.6,9.093945720250524
2021-07-26 16:00:00+00:00,15.1,20.3,33.9,30.2,386.1,769.5,14.9,34.3,1356.3,226.0,227.0,227.0,216.0,218.0,215.0,146.1,82631.3,9.283367556468171
2021-07-26 17:00:00+00:00,14.9,20.4,33.5,29.9,387.5,750.8,15.0,33.6,1197.9,228.0,228.0,228.0,189.0,191.0,187.0,131.7,82770.6,9.095671981776766
2021-07-26 18:00:00+00:00,15.2,20.6,33.8,30.0,384.7,770.1,14.8,34.3,1419.0,232.0,233.0,233.0,212.0,213.0,209.0,151.0,82912.6,9.397350993377485
2021-07-26 19:00:00+00:00,15.1,20.3,34.1,30.6,387.5,775.7,15.0,34.6,1333.2,225.0,226.0,226.0,211.0,212.0,207.0,144.0,83053.0,9.258333333333333
2021-07-26 22:00:00+00:00,14.8,23.3,35.2,30.7,382.0,790.8,14.7,35.2,2085.6,230.8,231.1,231.4,351.4,354.7,351.7,228.0,64172.0,9.147368421052633
2021-07-26 23:00:00+00:00,14.7,22.5,35.1,30.7,386.1,788.1,15.0,35.1,1574.1,224.6,225.1,225.4,252.2,255.2,250.1,191.8,64382.0,8.206986444212719
2021-07-27 00:00:00+00:00,15.1,21.2,34.5,30.7,384.0,784.6,14.8,34.9,1511.4,223.3,223.8,224.1,238.1,238.4,236.0,160.2,64550.0,9.434456928838953
2021-07-27 01:00:00+00:00,14.9,20.7,34.2,30.5,380.6,767.4,14.7,34.5,1389.3,224.2,224.8,225.3,229.3,230.2,228.8,147.5,64697.0,9.418983050847457
2021-07-27 02:00:00+00:00,15.0,20.6,33.8,30.4,387.5,772.2,15.1,34.4,1366.2,225.3,225.8,226.0,220.6,221.1,217.4,144.2,64839.0,9.474341192787797
2021-07-27 03:00:00+00:00,14.9,20.8,33.9,30.3,386.8,766.0,14.9,34.2,1306.8,225.0,225.2,225.7,218.4,219.5,215.7,139.8,64978.0,9.347639484978538
2021-07-27 04:00:00+00:00,14.9,20.4,33.4,30.3,384.7,752.2,14.8,33.7,1158.3,225.7,225.8,226.3,191.5,191.4,190.2,125.9,65114.0,9.200158856235106
2021-07-27 05:00:00+00:00,15.2,20.3,33.6,30.3,383.3,765.3,14.7,34.1,1313.4,225.9,226.3,226.5,210.2,211.0,209.0,132.2,65257.0,9.934947049924359
2021-07-27 06:00:00+00:00,15.2,20.8,33.5,30.3,388.2,761.9,15.2,33.9,1273.8,226.0,226.2,226.4,189.4,192.5,188.5,130.7,65395.0,9.745983167559297
2021-07-27 07:00:00+00:00,15.0,20.3,33.6,30.3,386.1,757.0,14.9,33.8,1214.4,224.1,224.5,224.7,198.2,197.8,196.5,129.6,65529.0,9.370370370370368
2021-07-27 08:00:00+00:00,15.1,20.3,33.4,30.3,384.0,755.7,14.8,33.7,1244.1,224.7,225.1,225.1,201.1,203.2,199.5,132.6,65668.0,9.382352941176473
2021-07-27 11:00:00+00:00,14.8,22.0,34.3,30.0,388.9,758.4,15.1,33.9,1653.3,225.0,226.0,226.0,265.0,265.0,261.0,198.2,83358.2,8.341574167507567
2021-07-27 12:00:00+00:00,15.1,20.9,34.6,30.0,388.2,790.1,15.1,35.2,1607.1,224.0,225.0,225.0,250.0,251.0,248.0,169.1,83533.7,9.503843879361325
2021-07-27 13:00:00+00:00,15.1,20.7,34.7,30.5,386.8,793.6,15.0,35.3,1498.2,225.0,226.0,226.0,237.0,240.0,236.0,163.8,83685.9,9.146520146520146
2021-07-27 16:00:00+00:00,15.1,22.3,33.5,29.9,388.2,763.9,15.2,34.1,1732.5,224.9,225.2,225.4,264.6,269.3,261.9,178.1,65851.0,9.72768107804604
2021-07-27 17:00:00+00:00,15.0,21.8,34.2,30.1,385.4,774.3,15.0,34.5,1468.5,225.5,225.8,225.9,237.0,238.6,234.1,157.0,66040.0,9.353503184713377
2021-07-27 18:00:00+00:00,14.9,21.3,34.4,30.9,388.2,781.9,15.1,34.9,1336.5,227.4,228.2,228.0,214.7,219.5,212.3,144.8,66194.0,9.229972375690608
2021-07-27 19:00:00+00:00,15.0,20.9,33.4,30.2,388.2,757.7,15.1,33.8,1224.3,226.3,226.8,226.8,194.4,192.0,192.3,131.4,66337.0,9.317351598173516
2021-07-27 20:00:00+00:00,15.1,20.8,32.7,29.0,386.8,737.7,15.0,33.0,1224.3,231.1,231.6,231.7,178.7,181.6,174.7,123.7,66472.0,9.89733225545675
2021-07-27 21:00:00+00:00,15.1,20.7,33.2,29.0,382.0,748.1,14.7,33.4,1254.0,228.1,228.6,228.8,194.2,196.6,191.8,134.7,66582.0,9.309576837416484
2021-07-27 22:00:00+00:00,15.1,20.7,33.5,29.3,386.1,763.2,14.9,34.1,1296.9,229.0,229.4,229.7,202.1,202.6,200.8,141.1,66709.0,9.191353649893694
2021-07-27 23:00:00+00:00,14.8,20.7,33.2,29.7,382.7,739.8,14.6,33.1,1102.2,228.9,229.5,229.7,175.4,176.8,174.7,129.8,66842.0,8.491525423728813
2021-07-28 00:00:00+00:00,15.1,20.6,33.0,29.7,385.4,742.6,14.8,33.3,1197.9,229.9,230.5,230.7,184.5,186.7,183.4,125.8,66969.0,9.522257551669316
2021-07-28 01:00:00+00:00,14.7,20.5,33.6,30.0,388.2,748.1,15.1,33.4,1155.0,226.5,227.0,227.3,195.2,196.8,192.3,125.6,67105.0,9.195859872611466
2021-07-28 02:00:00+00:00,15.2,20.5,33.3,30.3,383.3,759.1,14.8,33.9,1247.4,226.5,226.8,227.1,202.6,204.6,200.5,128.0,67250.0,9.7453125
2021-07-28 03:00:00+00:00,15.0,20.5,33.4,30.4,390.2,756.4,15.2,33.8,1178.1,227.2,227.4,227.9,188.2,188.5,185.4,123.4,67387.0,9.547001620745544
2021-07-28 04:00:00+00:00,15.2,20.6,33.6,30.3,385.4,767.4,14.9,34.2,1296.9,227.0,227.4,227.7,205.3,206.1,205.4,125.6,67520.0,10.32563694267516
2021-07-28 05:00:00+00:00,14.8,20.5,33.5,30.3,389.6,755.7,15.2,33.7,1181.4,227.7,227.8,228.0,192.5,191.8,189.6,131.5,67661.0,8.98403041825095
2021-07-28 06:00:00+00:00,15.0,20.5,33.7,30.2,386.1,766.0,14.9,34.2,1419.0,226.7,226.8,227.0,226.6,226.4,225.8,154.9,67806.0,9.160748870238864
2021-07-28 07:00:00+00:00,14.9,20.5,33.6,30.3,383.3,752.2,14.8,33.6,1158.3,225.8,226.0,226.2,189.4,193.3,187.2,124.8,67940.0,9.28125
2021-07-28 08:00:00+00:00,15.1,20.6,33.8,30.4,381.3,766.0,14.6,34.2,1287.0,226.4,226.7,226.7,211.2,212.0,207.5,134.2,68080.0,9.590163934426233
2021-07-28 09:00:00+00:00,15.2,20.5,33.6,30.2,381.3,761.9,14.6,34.1,1280.4,231.7,231.9,232.2,194.9,196.2,193.9,137.6,68220.0,9.305232558139538
2021-07-28 10:00:00+00:00,14.9,20.4,33.8,30.3,386.1,766.7,14.9,34.2,1296.9,225.5,225.8,225.9,211.2,208.5,207.4,138.6,68355.0,9.357142857142854
2021-07-28 12:00:00+00:00,15.2,22.2,35.1,30.1,380.6,807.4,14.6,35.9,1821.6,230.0,231.0,231.0,275.0,278.0,276.0,197.1,83976.6,9.24200913242009
2021-07-28 13:00:00+00:00,15.1,21.1,34.5,30.4,384.7,786.0,14.9,35.0,1452.0,227.0,228.0,228.0,233.0,237.0,230.0,158.1,84141.3,9.184060721062618
2021-07-28 14:00:00+00:00,15.0,20.7,34.7,30.4,383.3,784.6,14.8,35.0,1452.0,225.0,226.0,226.0,239.0,241.0,237.0,163.0,84293.2,8.9079754601227
2021-07-28 15:00:00+00:00,14.8,20.7,34.4,30.2,348.9,763.2,14.6,34.4,1356.3,226.0,226.0,226.0,245.0,245.0,243.0,153.6,84438.7,8.830078125
2021-07-28 17:00:00+00:00,16.8,23.2,36.2,29.8,405.4,835.6,16.3,36.9,2286.9,227.0,228.0,228.0,357.0,360.0,352.0,242.0,48770.0,9.45
2021-07-28 18:00:00+00:00,15.0,21.7,33.4,28.4,384.7,763.2,14.8,34.1,1851.3,230.0,231.0,230.0,276.0,280.0,277.0,190.0,49011.0,9.743684210526316
2021-07-28 19:00:00+00:00,14.9,20.8,33.3,29.1,386.1,750.8,14.9,33.6,1620.3,229.0,230.0,230.0,247.0,248.0,244.0,164.0,49188.0,9.879878048780487
2021-07-28 20:00:00+00:00,15.1,20.3,33.7,29.4,385.4,762.6,14.9,34.1,1679.7,231.0,232.0,232.0,246.0,248.0,246.0,163.0,49355.0,10.304907975460123
2021-07-28 21:00:00+00:00,14.8,20.2,33.4,29.3,379.2,757.0,14.4,33.9,1597.2,230.0,230.0,230.0,258.0,258.0,255.0,173.0,49517.0,9.232369942196534
2021-07-28 22:00:00+00:00,15.0,20.1,33.1,29.3,383.3,750.8,14.8,33.6,1521.3,229.0,230.0,230.0,224.0,227.0,226.0,155.0,49671.0,9.814838709677419
2021-07-28 23:00:00+00:00,15.1,19.8,33.0,29.4,387.5,752.2,15.1,33.6,1541.1,229.0,230.0,230.0,227.0,230.0,227.0,149.0,49828.0,10.342953020134226
2021-07-29 00:00:00+00:00,15.1,19.7,33.8,29.6,386.1,771.5,15.0,34.4,1650.0,227.0,227.0,227.0,240.0,245.0,240.0,164.0,49983.0,10.060975609756095
2021-07-29 01:00:00+00:00,14.9,19.8,33.4,29.7,381.3,748.8,14.7,33.5,1488.3,226.0,226.0,226.0,232.0,234.0,233.0,150.0,50138.0,9.922
2021-07-29 02:00:00+00:00,14.8,19.9,33.7,29.4,382.0,763.2,14.7,34.1,1551.0,226.0,226.0,227.0,236.0,236.0,235.0,163.0,50287.0,9.515337423312884
2021-07-29 03:00:00+00:00,15.2,19.8,33.7,29.3,384.7,763.9,14.9,34.1,1531.2,227.0,227.0,228.0,236.0,238.0,235.0,158.0,50439.0,9.69113924050633
2021-07-29 04:00:00+00:00,15.1,19.8,32.9,29.3,380.6,742.6,14.6,33.3,1485.0,226.0,226.0,226.0,227.0,228.0,226.0,152.0,50588.0,9.769736842105264
2021-07-29 05:00:00+00:00,15.1,19.7,32.7,29.4,387.5,739.8,15.1,33.1,1452.0,226.0,226.0,226.0,218.0,217.0,214.0,144.0,50736.0,10.083333333333334
2021-07-29 06:00:00+00:00,15.2,19.7,33.3,29.5,384.0,763.9,14.9,34.1,1607.1,226.0,226.0,226.0,223.0,224.0,224.0,157.0,50884.0,10.236305732484077
2021-07-29 07:00:00+00:00,15.0,19.6,32.6,29.3,386.8,735.7,15.0,32.9,1376.1,227.0,227.0,227.0,204.0,204.0,202.0,137.0,51033.0,10.044525547445255
2021-07-29 08:00:00+00:00,14.8,19.9,34.1,30.2,382.7,770.8,14.7,34.4,1541.1,226.0,227.0,226.0,241.0,241.0,239.0,177.0,51186.0,8.706779661016949
2021-07-29 11:00:00+00:00,17.8,22.8,35.2,28.5,398.5,828.1,15.7,36.7,2273.7000000000007,226.0,226.0,226.0,359.0,361.0,356.0,233.0,51320.0,9.758369098712446
2021-07-29 12:00:00+00:00,14.8,21.5,33.5,29.8,385.4,759.1,14.9,33.9,1874.4,228.0,228.0,228.0,289.0,290.0,285.0,191.0,51565.0,9.813612565445027
2021-07-29 13:00:00+00:00,15.1,20.6,34.3,29.9,382.0,786.7,14.8,35.0,1854.6,226.0,227.0,226.0,286.0,285.0,282.0,194.0,51754.0,9.559793814432991
2021-07-29 16:00:00+00:00,14.9,22.0,35.0,29.8,379.2,819.8,14.5,36.4,2227.5,231.0,232.0,232.0,340.0,342.0,339.0,243.0,52095.0,9.166666666666666
2021-07-29 17:00:00+00:00,15.1,21.2,33.8,29.8,383.3,773.6,14.7,34.4,1689.6,230.0,231.0,231.0,257.0,256.0,256.0,172.0,52285.0,9.823255813953487
2021-07-29 18:00:00+00:00,15.2,21.1,33.8,29.9,386.1,777.0,14.9,34.7,1719.3,227.0,227.0,227.0,239.0,240.0,235.0,168.0,52448.0,10.23392857142857
2021-07-29 19:00:00+00:00,15.2,20.9,33.7,29.9,386.1,770.8,14.9,34.3,1541.1,226.0,227.0,227.0,238.0,238.0,234.0,157.0,52606.0,9.81592356687898
2021-07-29 20:00:00+00:00,15.1,20.7,33.8,29.7,388.9,773.6,15.1,34.5,1564.2,229.0,230.0,230.0,240.0,240.0,237.0,156.0,52764.0,10.026923076923078
2021-07-29 21:00:00+00:00,14.9,20.6,34.0,30.1,375.8,767.4,14.3,34.2,1574.1,227.0,228.0,228.0,248.0,250.0,248.0,170.0,52924.0,9.259411764705883
2021-07-29 22:00:00+00:00,15.1,20.6,33.1,29.7,386.8,749.5,15.1,33.5,1445.4,228.0,229.0,229.0,215.0,217.0,212.0,147.0,53077.0,9.832653061224491
2021-07-30 00:00:00+00:00,14.9,22.5,35.6,29.8,378.5,796.3,14.5,35.4,2349.6,229.0,229.0,229.0,379.0,383.0,379.0,266.0,53166.0,8.833082706766916
2021-07-30 01:00:00+00:00,14.9,21.7,34.2,29.7,387.5,781.2,15.0,34.8,1795.2,230.0,230.0,230.0,270.0,271.0,270.0,186.0,53373.0,9.651612903225807
2021-07-30 02:00:00+00:00,15.1,20.9,33.0,29.9,382.7,752.9,14.7,33.6,1508.1,229.0,230.0,230.0,225.0,226.0,222.0,144.0,53550.0,10.472916666666666
2021-07-30 03:00:00+00:00,15.1,20.7,33.6,29.9,389.6,766.7,15.1,34.2,1597.2,230.0,230.0,230.0,230.0,230.0,229.0,159.0,53714.0,10.045283018867924
2021-07-30 04:00:00+00:00,15.2,20.7,33.2,29.8,382.0,751.5,14.7,33.6,1465.2,230.0,231.0,231.0,220.0,221.0,218.0,149.0,53871.0,9.833557046979868
2021-07-30 05:00:00+00:00,14.7,20.5,33.6,30.0,375.8,759.8,14.2,33.9,1501.5,230.0,230.0,230.0,238.0,238.0,237.0,151.0,54028.0,9.943708609271525
2021-07-30 06:00:00+00:00,15.3,20.5,33.3,29.7,389.6,761.2,15.2,34.0,1524.6,230.0,230.0,231.0,219.0,221.0,219.0,153.0,54182.0,9.96470588235294
2021-07-30 07:00:00+00:00,14.7,20.4,33.6,29.8,375.8,757.0,14.3,33.8,1521.3,229.0,230.0,230.0,230.0,233.0,230.0,160.0,54332.0,9.508125
2021-07-30 08:00:00+00:00,15.2,20.6,32.3,29.3,389.6,735.0,15.2,32.9,1442.1,227.0,227.0,227.0,219.0,220.0,216.0,136.0,54485.0,10.603676470588235
2021-07-30 09:00:00+00:00,14.7,20.4,32.8,29.6,381.3,734.3,14.4,33.0,1395.9,226.0,227.0,227.0,223.0,224.0,222.0,151.0,54632.0,9.244370860927154
2021-07-30 10:00:00+00:00,15.1,20.3,33.2,29.6,384.7,754.3,14.8,33.7,1541.1,226.0,226.0,226.0,231.0,230.0,227.0,157.0,54781.0,9.81592356687898
2021-07-30 11:00:00+00:00,15.1,20.3,33.4,29.9,384.7,757.7,14.9,33.8,1511.4,226.0,226.0,226.0,232.0,232.0,229.0,156.0,54935.0,9.688461538461539
2021-07-30 12:00:00+00:00,14.9,20.2,33.3,29.9,387.5,749.5,15.1,33.6,1395.9,227.0,228.0,228.0,219.0,220.0,217.0,143.0,55091.0,9.761538461538462
2021-07-30 13:00:00+00:00,14.8,20.3,33.7,29.6,378.5,760.5,14.4,33.9,1544.4,226.0,227.0,226.0,244.0,245.0,242.0,169.0,55241.0,9.138461538461538
2021-07-30 16:00:00+00:00,14.9,22.0,34.9,29.4,383.3,781.2,14.7,34.8,1798.5,226.0,226.0,226.0,286.0,287.0,284.0,190.4,84587.3,9.445903361344536
2021-07-30 17:00:00+00:00,14.8,21.0,34.3,29.8,388.9,769.5,15.1,34.3,1389.3,228.0,228.0,228.0,241.0,245.0,238.0,155.4,84761.6,8.940154440154439
2021-07-30 18:00:00+00:00,15.1,20.8,33.9,29.9,383.3,769.5,14.7,34.3,1412.4,229.0,230.0,229.0,225.0,225.0,222.0,152.3,84907.3,9.273801707156927
2021-07-30 19:00:00+00:00,14.9,20.7,33.6,29.8,388.9,755.0,15.1,33.7,1247.4,228.0,229.0,229.0,196.0,198.0,195.0,133.1,85047.0,9.371900826446279
2021-07-30 22:00:00+00:00,15.0,21.0,34.0,30.1,389.6,775.0,15.2,34.6,1356.3,229.0,230.0,230.0,213.0,215.0,211.0,143.7,85298.9,9.4384133611691
2021-07-30 23:00:00+00:00,15.1,20.8,34.4,29.8,385.4,763.9,14.9,34.1,1356.3,228.0,228.0,229.0,211.0,209.0,208.0,141.9,85444.6,9.55813953488372
2021-07-31 00:00:00+00:00,14.9,20.8,33.8,29.9,380.6,762.6,14.6,34.1,1329.9,228.0,229.0,229.0,217.0,218.0,216.0,147.5,85589.7,9.016271186440678
2021-07-31 01:00:00+00:00,15.0,20.7,33.7,29.9,388.9,760.5,15.1,33.9,1257.3,229.0,230.0,230.0,200.0,201.0,200.0,133.0,85730.8,9.453383458646616
2021-07-31 02:00:00+00:00,14.9,20.7,34.0,30.0,383.3,769.5,14.8,34.3,1313.4,229.0,230.0,230.0,217.0,216.0,217.0,145.8,85875.2,9.008230452674898
2021-07-31 03:00:00+00:00,15.1,21.0,34.3,30.7,387.5,779.1,15.1,34.7,1313.4,230.0,230.0,230.0,208.0,211.0,209.0,143.5,86017.3,9.15261324041812
2021-07-31 04:00:00+00:00,15.1,20.6,33.9,30.2,386.1,763.9,14.9,34.1,1277.1,229.0,230.0,230.0,198.0,201.0,200.0,137.6,86163.0,9.281250000000002
2021-07-31 05:00:00+00:00,14.9,20.7,33.8,29.9,381.3,762.6,14.6,34.1,1353.0,230.0,231.0,231.0,214.0,215.0,214.0,147.5,86305.3,9.172881355932203
2021-07-31 06:00:00+00:00,15.1,20.7,34.2,30.5,386.8,778.4,14.9,34.7,1329.9,230.0,231.0,231.0,207.0,209.0,204.0,142.7,86445.7,9.319551506657325
2021-07-31 07:00:00+00:00,15.0,20.6,33.6,29.7,388.2,751.5,15.1,33.7,1230.9,227.0,227.0,228.0,196.0,197.0,192.0,133.8,86589.3,9.199551569506726
2021-07-31 08:00:00+00:00,15.1,20.7,33.7,30.2,386.1,761.2,14.9,34.0,1263.9,227.0,228.0,228.0,197.0,197.0,195.0,134.7,86788.5,9.383073496659245
2021-07-31 09:00:00+00:00,15.1,20.8,33.6,30.1,386.1,756.4,14.9,33.7,1201.2,226.0,227.0,227.0,190.0,188.0,188.0,129.4,86861.3,9.282843894899537
2021-07-31 10:00:00+00:00,14.9,20.8,33.9,30.1,382.0,760.5,14.4,33.9,1395.9,225.0,226.0,225.0,201.0,203.0,199.0,5.8,86997.5,240.67241379310346
2021-07-31 12:00:00+00:00,15.0,21.3,34.9,30.3,386.8,798.4,14.9,35.5,1706.1,229.1,229.8,229.7,269.1,271.2,267.7,185.1,68504.0,9.217179902755268
2021-07-31 13:00:00+00:00,14.8,20.7,33.2,30.1,382.7,737.7,14.7,33.1,1432.2,227.2,227.9,227.9,233.0,234.4,230.6,168.8,68674.0,8.484597156398102
2021-07-31 14:00:00+00:00,14.9,20.6,33.1,29.8,386.8,752.2,15.0,33.7,1313.4,224.3,225.0,224.8,210.7,212.2,207.0,136.0,68828.0,9.657352941176473
2021-07-31 16:00:00+00:00,15.2,21.5,33.9,30.4,388.9,780.5,15.1,34.8,1818.3,228.9,229.1,229.3,274.6,276.3,272.5,179.7,69014.0,10.118530884808012
2021-07-31 17:00:00+00:00,15.1,20.7,33.4,29.3,384.7,763.2,15.1,34.1,1485.0,227.4,227.9,227.8,219.2,217.9,212.3,149.0,69185.0,9.966442953020136
2021-07-31 18:00:00+00:00,14.9,20.4,32.8,29.3,387.5,739.1,15.1,33.1,1247.4,227.8,228.1,228.2,194.9,191.8,192.0,129.1,69325.0,9.662277304415179
2021-07-31 19:00:00+00:00,14.9,20.2,33.2,29.5,386.8,744.6,15.0,33.4,1254.0,228.1,228.4,228.7,194.9,198.4,195.2,139.5,69461.0,8.989247311827956
2021-07-31 20:00:00+00:00,15.1,20.2,34.0,29.6,388.9,768.8,15.2,34.2,1313.4,229.5,230.0,230.2,203.8,201.9,201.0,137.6,69598.0,9.545058139534882
2021-07-31 21:00:00+00:00,15.1,20.2,34.1,29.8,384.7,773.6,14.9,34.5,1353.0,229.9,230.5,230.8,209.9,210.6,208.5,145.1,69734.0,9.32460372157133
2021-07-31 22:00:00+00:00,14.9,20.2,33.6,30.1,389.6,755.7,15.1,33.7,1273.8,230.2,230.7,231.0,199.4,201.4,197.9,137.8,69875.0,9.243831640058056
2021-07-31 23:00:00+00:00,14.9,19.9,33.6,30.2,382.7,761.2,14.8,34.0,1287.0,226.6,226.9,227.3,214.9,216.2,214.4,142.1,70017.0,9.057002111189304
2021-08-01 00:00:00+00:00,14.9,20.1,34.3,30.7,384.0,772.9,14.8,34.5,1306.8,226.6,227.0,227.3,218.4,219.8,215.4,144.2,70155.0,9.0624133148405
2021-08-01 01:00:00+00:00,15.1,20.1,34.2,30.8,387.5,778.4,15.1,34.7,1346.4,228.3,228.8,229.1,214.2,216.2,214.1,138.1,70295.0,9.749456915278783
2021-08-01 02:00:00+00:00,15.1,20.1,33.5,30.1,386.8,752.9,15.0,33.7,1267.2,228.5,228.9,229.3,198.9,198.1,195.8,135.0,70433.0,9.386666666666667
2021-08-01 03:00:00+00:00,15.1,20.2,34.3,30.0,386.1,777.7,14.9,34.6,1346.4,227.8,228.1,228.3,215.7,216.3,213.0,145.8,70566.0,9.234567901234568
2021-08-01 04:00:00+00:00,15.1,20.1,33.4,29.8,386.1,756.4,15.0,33.7,1310.1,228.8,229.0,229.3,207.0,205.4,204.6,139.8,70704.0,9.371244635193133
2021-08-01 05:00:00+00:00,15.1,19.9,33.3,30.1,386.1,758.4,14.9,33.8,1277.1,228.9,229.2,229.4,189.9,189.0,186.6,129.4,70841.0,9.869397217928904
2021-08-01 07:00:00+00:00,14.9,20.1,34.0,30.5,384.7,762.6,14.8,34.1,1273.8,229.8,230.0,230.3,201.9,202.2,200.3,141.3,71112.0,9.014861995753712
2021-08-01 08:00:00+00:00,14.9,20.1,33.7,30.4,386.1,753.6,14.9,33.7,1197.9,227.9,228.3,228.5,201.3,202.2,201.0,130.1,71250.0,9.207532667179093
2021-08-01 11:00:00+00:00,14.8,22.2,34.1,29.7,385.4,772.9,14.8,34.5,2151.6,226.0,226.0,226.0,329.0,331.0,328.0,231.0,55489.0,9.314285714285713
2021-08-01 12:00:00+00:00,15.1,20.9,33.3,29.9,384.0,766.7,14.8,34.2,1739.1,228.0,229.0,228.0,253.0,256.0,252.0,177.0,55694.0,9.82542372881356
2021-08-01 14:00:00+00:00,15.2,21.9,34.2,30.1,386.8,779.8,15.1,34.8,2138.4,225.0,226.0,226.0,329.0,334.0,330.0,223.0,55871.0,9.589237668161434
2021-08-01 15:00:00+00:00,14.9,20.8,32.9,30.0,386.8,751.5,15.0,33.6,1617.0,227.0,227.0,227.0,239.0,236.0,235.0,160.0,56077.0,10.10625
2021-08-01 16:00:00+00:00,15.1,20.6,34.3,29.9,384.0,783.9,14.8,34.9,1755.6,226.0,227.0,227.0,267.0,271.0,267.0,176.0,56250.0,9.975
2021-08-01 17:00:00+00:00,15.2,20.5,33.4,29.7,387.5,763.9,15.1,34.1,1620.3,227.0,228.0,227.0,229.0,230.0,226.0,155.0,56417.0,10.453548387096774
2021-08-01 18:00:00+00:00,15.1,20.4,32.8,29.2,388.2,747.4,15.1,33.4,1541.1,229.0,230.0,230.0,218.0,221.0,217.0,152.0,56575.0,10.138815789473684
2021-08-01 19:00:00+00:00,15.1,20.3,32.5,29.0,385.4,737.7,14.9,33.0,1498.2,230.0,231.0,231.0,217.0,218.0,215.0,143.0,56726.0,10.476923076923075
2021-08-01 20:00:00+00:00,14.9,20.2,33.1,29.0,381.3,737.7,14.7,33.0,1475.1,230.0,231.0,231.0,226.0,228.0,224.0,152.0,56879.0,9.704605263157896
2021-08-01 21:00:00+00:00,14.9,20.2,33.4,29.8,384.7,753.6,14.9,33.7,1468.5,230.0,231.0,231.0,221.0,224.0,222.0,150.0,57033.0,9.79
2021-08-01 22:00:00+00:00,15.1,20.1,33.7,29.8,384.0,760.5,14.8,34.0,1531.2,227.0,228.0,228.0,229.0,233.0,230.0,157.0,57186.0,9.752866242038216
2021-08-01 23:00:00+00:00,15.2,19.9,33.3,29.6,383.3,759.8,14.7,33.9,1610.4,226.0,227.0,227.0,223.0,224.0,224.0,155.0,57340.0,10.38967741935484
2021-08-02 00:00:00+00:00,14.9,19.9,32.9,29.3,381.3,750.1,14.6,33.6,1554.3,228.0,228.0,228.0,230.0,231.0,228.0,159.0,57490.0,9.775471698113206
2021-08-02 01:00:00+00:00,15.1,20.1,33.1,29.5,387.5,756.4,15.1,33.8,1531.2,228.0,229.0,229.0,224.0,226.0,224.0,146.0,57641.0,10.487671232876714
2021-08-02 02:00:00+00:00,15.1,20.1,32.9,29.5,385.4,744.6,14.9,33.4,1455.3,230.0,230.0,230.0,215.0,217.0,214.0,151.0,57793.0,9.63774834437086
2021-08-02 03:00:00+00:00,14.9,20.2,33.4,29.8,385.4,750.8,14.9,33.6,1491.6,230.0,230.0,230.0,224.0,227.0,225.0,152.0,57942.0,9.81315789473684
2021-08-02 04:00:00+00:00,14.8,20.1,33.3,29.8,385.4,750.1,14.8,33.5,1445.4,229.0,230.0,230.0,213.0,215.0,213.0,146.0,58094.0,9.9
2021-08-02 05:00:00+00:00,15.1,19.9,32.9,29.6,384.7,743.9,15.0,33.3,1488.3,229.0,230.0,230.0,217.0,219.0,214.0,150.0,58246.0,9.922
2021-08-02 06:00:00+00:00,15.1,20.1,32.9,29.3,387.5,749.5,15.1,33.4,1428.9,229.0,230.0,230.0,211.0,212.0,208.0,144.0,58393.0,9.922916666666667
2021-08-02 07:00:00+00:00,14.9,19.9,33.2,29.6,383.3,746.0,14.8,33.3,1455.3,227.0,227.0,227.0,226.0,226.0,224.0,147.0,58546.0,9.9
2021-08-02 08:00:00+00:00,15.0,19.9,33.3,29.7,386.1,751.5,14.9,33.7,1478.4,231.0,231.0,231.0,219.0,220.0,217.0,153.0,58699.0,9.662745098039217
2021-08-02 11:00:00+00:00,15.1,21.4,33.1,29.6,388.2,755.0,15.1,33.7,1834.8,224.0,224.0,224.0,275.0,278.0,272.0,183.0,58911.0,10.026229508196721
2021-08-02 12:00:00+00:00,15.0,20.0,33.9,29.9,385.4,773.6,14.9,34.5,1656.6,229.0,229.0,229.0,249.0,249.0,245.0,171.0,59092.0,9.687719298245614
2021-08-02 14:00:00+00:00,14.8,21.6,34.7,29.9,382.0,766.0,14.7,34.2,1775.4,229.0,230.0,230.0,309.0,310.0,306.0,204.2,87196.4,8.694417238001959
2021-08-02 15:00:00+00:00,14.9,20.3,34.6,30.1,386.8,779.1,15.0,34.8,1475.1,229.0,230.0,230.0,237.0,238.0,235.0,158.7,87367.3,9.294896030245747
2021-08-02 17:00:00+00:00,15.8,21.9,35.7,30.4,393.0,788.8,15.4,35.4,1983.3,230.0,230.0,230.0,317.0,317.0,315.0,218.1,87480.5,9.093535075653369
2021-08-02 18:00:00+00:00,15.1,20.4,35.0,31.1,390.9,797.7,15.2,35.4,1428.9,229.0,230.0,230.0,225.0,226.0,223.0,155.4,87647.9,9.194980694980693
2021-08-02 19:00:00+00:00,15.2,20.9,35.2,29.4,388.9,825.3,15.1,36.6,1772.1,230.0,230.0,230.0,287.0,288.0,284.0,181.8,87809.7,9.747524752475249
2021-08-02 20:00:00+00:00,14.9,20.3,33.7,29.3,384.0,759.8,14.9,33.9,1399.2,230.0,230.0,230.0,221.0,220.0,217.0,148.2,87970.1,9.441295546558706
2021-08-02 21:00:00+00:00,14.9,20.3,32.9,28.7,389.6,736.4,15.1,33.0,1221.0,228.0,229.0,229.0,187.0,189.0,186.0,126.9,88108.1,9.621749408983453
2021-08-02 23:00:00+00:00,15.0,21.7,34.6,29.0,385.4,794.3,14.9,35.3,1844.7,226.0,227.0,227.0,290.0,292.0,288.0,196.8,88253.2,9.373475609756095
2021-08-03 00:00:00+00:00,15.0,20.6,33.6,28.8,384.0,760.5,14.8,33.9,1478.4,228.0,228.0,229.0,231.0,232.0,230.0,157.4,88429.4,9.392630241423127
2021-08-03 01:00:00+00:00,15.0,20.3,34.2,29.7,386.8,780.5,15.1,34.7,1362.9,228.0,228.0,228.0,222.0,221.0,218.0,149.0,88580.4,9.146979865771812
2021-08-03 02:00:00+00:00,15.0,20.4,33.6,29.4,381.3,757.7,14.7,33.8,1320.0,228.0,229.0,229.0,215.0,214.0,212.0,144.8,88719.0,9.11602209944751
2021-08-03 03:00:00+00:00,15.0,20.4,33.6,29.4,384.0,751.5,14.8,33.6,1240.8,228.0,229.0,229.0,200.0,202.0,197.0,133.1,88850.7,9.322314049586778
2021-08-03 04:00:00+00:00,15.1,20.3,32.8,29.2,384.0,737.0,14.9,32.9,1201.2,225.0,226.0,226.0,191.0,189.0,188.0,124.5,88982.4,9.648192771084338
2021-08-03 05:00:00+00:00,15.1,20.4,33.2,29.7,384.0,750.8,14.8,33.6,1221.0,226.0,226.0,226.0,196.0,196.0,193.0,131.4,89113.7,9.292237442922373
2021-08-03 06:00:00+00:00,15.1,20.3,32.9,29.6,389.6,746.7,15.1,33.3,1214.4,226.0,226.0,227.0,187.0,188.0,181.0,128.6,89242.6,9.443234836702954
2021-08-03 07:00:00+00:00,14.8,20.3,33.4,29.7,388.9,746.0,15.1,33.4,1164.9,226.0,226.0,227.0,188.0,185.0,187.0,130.6,89374.1,8.919601837672284
2021-08-03 08:00:00+00:00,15.1,20.4,33.2,29.5,382.7,750.8,14.8,33.6,1267.2,227.0,228.0,228.0,199.0,199.0,195.0,132.2,89506.2,9.585476550680788
