时间,3#冷水机组LS-03冷冻供水温度,3#冷水机组LS-03冷冻回水温度,3#冷水机组LS-03冷却出水温度,3#冷水机组LS-03冷却回水温度,3#冷水机组LS-03蒸发压力,3#冷水机组LS-03冷凝压力,3#冷水机组LS-03蒸发器饱和温度,3#冷水机组LS-03凝气器饱和温度,3#冷水机组LS-03负荷比,3#冷水机组(电表)LS-03-DB相电压Ua,3#冷水机组(电表)LS-03-DB相电压Ub,3#冷水机组(电表)LS-03-DB相电压Uc,3#冷水机组(电表)LS-03-DB相电流Ia,3#冷水机组(电表)LS-03-DB相电流Ib,3#冷水机组(电表)LS-03-DB相电流Ic,3#冷水机组(电表)LS-03-DB有功功率,3#冷水机组(电表)LS-03-DB有功电度,cop
2021-07-10 00:00:00+00:00,21.6,23.3,29.7,29.4,533.7,536.4,23.4,23.6,0.0,227.0,228.0,228.0,11.0,12.0,12.0,0.0,70601.3,
2021-07-10 01:00:00+00:00,18.7,22.9,29.6,29.3,518.5,520.6,22.7,22.8,0.0,225.0,226.0,226.0,12.0,12.0,12.0,0.0,70601.4,
2021-07-10 02:00:00+00:00,18.5,22.6,29.6,29.2,508.8,510.9,22.1,22.3,0.0,226.0,227.0,228.0,12.0,12.0,12.0,0.0,70601.5,
2021-07-10 03:00:00+00:00,18.2,22.3,29.6,29.1,499.9,501.9,21.7,21.7,0.0,227.0,228.0,228.0,12.0,11.0,12.0,0.0,70601.6,
2021-07-10 04:00:00+00:00,17.5,21.9,29.6,29.1,490.2,492.3,21.1,21.3,0.0,228.0,228.0,228.0,12.0,12.0,12.0,0.0,70601.6,
2021-07-10 05:00:00+00:00,17.3,21.6,29.6,28.9,483.3,485.4,20.8,20.8,0.0,228.0,229.0,229.0,12.0,11.0,12.0,0.0,70601.7,
2021-07-10 06:00:00+00:00,17.1,21.3,29.5,28.9,477.8,479.2,20.4,20.5,0.0,228.0,229.0,229.0,12.0,12.0,12.0,0.0,70601.8,
2021-07-10 07:00:00+00:00,16.9,20.9,29.5,28.8,472.3,474.4,20.1,20.3,0.0,227.0,228.0,228.0,11.0,12.0,12.0,0.0,70601.9,
2021-07-10 08:00:00+00:00,16.7,20.7,29.5,28.8,468.2,469.5,19.9,19.9,0.0,225.0,226.0,225.0,12.0,11.0,12.0,0.0,70602.0,
2021-07-10 09:00:00+00:00,20.1,20.1,29.4,28.8,473.0,475.0,20.2,20.3,0.0,227.0,228.0,228.0,11.0,10.0,11.0,0.0,70602.1,
2021-07-10 10:00:00+00:00,18.9,18.7,29.4,28.8,457.1,459.2,19.2,19.4,0.0,225.0,226.0,226.0,10.0,10.0,11.0,0.0,70602.1,
2021-07-10 11:00:00+00:00,19.1,18.9,29.4,28.8,459.2,461.9,19.4,19.5,0.0,228.0,228.0,228.0,11.0,10.0,11.0,0.0,70602.1,
2021-07-10 12:00:00+00:00,18.4,19.0,29.3,28.7,461.3,464.0,19.5,19.6,0.0,229.0,230.0,230.0,11.0,10.0,11.0,0.0,70602.1,
2021-07-10 13:00:00+00:00,16.5,19.1,29.3,28.7,457.8,459.9,19.3,19.5,0.0,227.0,228.0,228.0,11.0,10.0,11.0,0.0,70602.2,
2021-07-10 14:00:00+00:00,16.2,19.0,29.3,28.7,453.7,455.7,19.1,19.2,0.0,227.0,228.0,227.0,10.0,10.0,11.0,0.0,70602.2,
2021-07-10 15:00:00+00:00,16.1,19.0,29.3,28.7,450.9,453.0,18.9,19.1,0.0,227.0,228.0,228.0,11.0,10.0,11.0,0.0,70602.2,
2021-07-10 16:00:00+00:00,16.5,19.0,29.2,28.7,449.5,451.6,18.8,18.9,0.0,226.0,227.0,227.0,10.0,10.0,11.0,0.0,70602.2,
2021-07-10 17:00:00+00:00,17.3,19.0,29.2,28.7,450.9,453.0,18.8,18.9,0.0,228.0,229.0,229.0,11.0,10.0,11.0,0.0,70602.3,
2021-07-10 18:00:00+00:00,13.7,21.7,35.9,31.6,369.6,792.2,13.9,35.3,2042.7,228.0,230.0,230.0,365.0,367.0,362.0,235.2,70638.7,8.684948979591837
2021-07-10 19:00:00+00:00,14.1,20.8,34.2,29.7,373.7,773.6,14.1,34.5,1745.7,229.0,230.0,230.0,272.0,275.0,273.0,187.5,70828.9,9.3104
2021-07-10 20:00:00+00:00,20.1,19.9,29.3,28.6,493.7,495.0,21.3,21.4,0.0,231.0,232.0,232.0,11.0,10.0,11.0,0.0,70926.1,
2021-07-10 21:00:00+00:00,20.3,20.0,29.3,27.4,503.3,503.3,21.8,21.8,0.0,229.0,229.0,229.0,11.0,10.0,11.0,0.0,70926.1,
2021-07-10 22:00:00+00:00,14.0,21.7,34.3,28.8,367.5,792.2,13.8,35.2,2075.7,228.0,229.0,229.0,323.0,329.0,320.0,224.2,71115.3,9.258251561106155
2021-07-10 23:00:00+00:00,13.8,20.6,33.3,28.9,367.5,743.3,13.7,33.3,1577.4,227.0,228.0,228.0,244.0,246.0,242.0,173.3,71295.1,9.102135025966533
2021-07-11 00:00:00+00:00,14.0,19.9,32.7,29.4,375.8,735.7,14.3,33.0,1386.0,228.0,228.0,229.0,209.0,211.0,210.0,140.8,71457.3,9.84375
2021-07-11 01:00:00+00:00,14.0,19.7,32.2,28.6,367.5,726.0,13.7,32.4,1465.2,229.0,230.0,230.0,224.0,227.0,224.0,152.8,71608.5,9.589005235602095
2021-07-11 02:00:00+00:00,13.7,19.6,33.2,29.7,357.8,703.3,13.2,31.5,1455.3,230.0,230.0,231.0,237.0,237.0,235.0,187.7,71760.3,7.75332978156633
2021-07-11 03:00:00+00:00,14.0,19.5,32.8,29.8,368.9,748.1,13.9,33.4,1435.5,230.0,231.0,231.0,222.0,225.0,221.0,153.6,71907.9,9.345703125
2021-07-11 04:00:00+00:00,14.1,19.5,31.7,28.7,370.2,712.9,13.9,31.9,1254.0,227.0,228.0,228.0,190.0,190.0,188.0,130.1,72054.2,9.638739431206764
2021-07-11 05:00:00+00:00,13.8,19.3,32.3,29.0,369.6,716.4,13.9,32.2,1263.8999999999999,228.0,229.0,230.0,197.0,196.0,194.0,146.2,72202.0,8.64500683994528
2021-07-11 06:00:00+00:00,13.9,19.3,33.1,29.8,367.5,730.8,13.7,32.7,1435.5,229.0,230.0,230.0,233.0,234.0,230.0,156.5,72349.9,9.172523961661343
2021-07-11 07:00:00+00:00,14.0,19.3,31.7,28.5,375.8,710.2,14.3,31.8,1296.8999999999999,230.0,230.0,230.0,188.0,192.0,189.0,130.2,72490.8,9.960829493087557
2021-07-11 08:00:00+00:00,13.9,19.2,32.4,29.3,368.2,721.2,13.8,32.3,1277.1000000000001,227.0,228.0,228.0,202.0,203.0,200.0,143.0,72635.8,8.930769230769231
2021-07-11 09:00:00+00:00,19.2,18.9,28.5,27.7,480.6,481.3,20.6,20.6,0.0,226.0,226.0,226.0,11.0,10.0,10.0,0.0,72684.5,
2021-07-11 10:00:00+00:00,19.4,19.1,28.6,26.6,489.5,490.2,21.1,21.1,0.0,227.0,228.0,228.0,11.0,10.0,11.0,0.0,72684.6,
2021-07-11 11:00:00+00:00,17.9,19.3,28.6,26.1,493.7,494.4,21.3,21.3,0.0,225.0,226.0,226.0,10.0,10.0,11.0,0.0,72684.6,
2021-07-11 12:00:00+00:00,17.4,19.4,28.6,26.0,490.9,493.0,21.2,21.3,0.0,229.0,230.0,230.0,11.0,10.0,11.0,0.0,72684.7,
2021-07-11 13:00:00+00:00,17.3,19.6,28.6,25.9,489.5,491.6,21.1,21.2,0.0,227.0,228.0,228.0,11.0,10.0,11.0,0.0,72684.7,
2021-07-11 14:00:00+00:00,17.3,19.6,28.6,25.8,488.1,490.2,21.1,21.2,0.0,226.0,227.0,227.0,10.0,10.0,11.0,0.0,72684.7,
2021-07-11 15:00:00+00:00,18.6,19.7,28.6,25.8,490.2,492.3,21.1,21.2,0.0,227.0,228.0,228.0,10.0,10.0,11.0,0.0,72684.8,
2021-07-11 16:00:00+00:00,18.3,19.9,28.6,25.8,494.4,496.4,21.3,21.4,0.0,227.0,228.0,227.0,10.0,10.0,11.0,0.0,72684.8,
2021-07-11 17:00:00+00:00,17.6,20.1,28.5,25.8,491.6,493.7,21.3,21.4,0.0,227.0,227.0,227.0,11.0,10.0,11.0,0.0,72684.9,
2021-07-11 18:00:00+00:00,17.3,20.2,28.5,25.9,489.5,491.6,21.1,21.2,0.0,229.0,230.0,230.0,11.0,10.0,11.0,0.0,72684.9,
2021-07-11 19:00:00+00:00,17.3,20.2,28.5,25.9,487.5,489.5,20.9,21.1,0.0,230.0,230.0,230.0,11.0,10.0,11.0,0.0,72685.0,
2021-07-11 20:00:00+00:00,17.3,20.2,28.4,25.9,486.8,488.1,20.9,21.1,0.0,230.0,231.0,231.0,11.0,10.0,11.0,0.0,72685.0,
2021-07-11 21:00:00+00:00,17.4,20.2,28.4,26.0,486.1,487.5,20.9,20.9,0.0,230.0,230.0,230.0,11.0,10.0,11.0,0.0,72685.0,
2021-07-11 22:00:00+00:00,17.3,20.2,28.4,26.0,485.4,486.8,20.8,20.9,0.0,230.0,231.0,230.0,11.0,10.0,11.0,0.0,72685.1,
2021-07-11 23:00:00+00:00,18.5,19.9,29.9,28.9,472.3,472.3,20.1,20.1,0.0,229.0,230.0,230.0,13.0,11.0,12.0,1.0,72688.2,0.0
2021-07-12 00:00:00+00:00,17.6,19.7,29.8,28.9,484.0,484.0,20.7,20.8,0.0,230.0,231.0,232.0,12.0,11.0,12.0,0.0,72688.4,
2021-07-12 01:00:00+00:00,17.3,19.7,29.7,28.5,484.0,486.1,20.8,20.9,0.0,228.0,229.0,229.0,12.0,12.0,12.0,0.0,72688.5,
2021-07-12 02:00:00+00:00,17.2,19.7,29.6,28.2,481.9,484.0,20.7,20.8,0.0,229.0,230.0,230.0,12.0,11.0,12.0,0.0,72688.6,
2021-07-12 03:00:00+00:00,17.2,19.8,29.6,27.9,479.9,482.6,20.6,20.7,0.0,230.0,231.0,231.0,12.0,12.0,12.0,0.0,72688.7,
2021-07-12 04:00:00+00:00,17.2,19.8,29.5,27.8,478.5,480.6,20.5,20.6,0.0,230.0,230.0,230.0,12.0,11.0,12.0,0.0,72688.7,
2021-07-12 05:00:00+00:00,17.1,19.8,29.5,27.7,477.1,479.2,20.4,20.6,0.0,230.0,231.0,231.0,12.0,11.0,12.0,0.0,72688.8,
2021-07-12 06:00:00+00:00,17.2,19.8,29.4,27.6,476.4,479.2,20.4,20.4,0.0,230.0,230.0,230.0,12.0,11.0,12.0,0.0,72688.9,
2021-07-12 07:00:00+00:00,17.1,19.8,29.3,27.6,475.7,478.5,20.4,20.4,0.0,226.0,227.0,227.0,12.0,11.0,12.0,0.0,72689.0,
2021-07-12 08:00:00+00:00,17.1,19.8,29.3,27.6,475.0,477.1,20.3,20.3,0.0,227.0,227.0,227.0,12.0,12.0,12.0,0.0,72689.1,
2021-07-12 09:00:00+00:00,17.4,19.8,29.2,27.6,473.7,475.7,20.2,20.3,0.0,227.0,227.0,227.0,11.0,10.0,11.0,0.0,72689.2,
2021-07-12 10:00:00+00:00,18.3,19.9,29.2,27.6,474.4,475.7,20.2,20.3,0.0,228.0,229.0,228.0,11.0,10.0,11.0,0.0,72689.2,
2021-07-12 11:00:00+00:00,18.9,19.9,29.1,27.6,475.7,477.1,20.3,20.3,0.0,227.0,228.0,228.0,10.0,10.0,11.0,0.0,72689.3,
2021-07-12 12:00:00+00:00,17.7,20.1,29.1,27.7,474.4,476.4,20.3,20.3,0.0,227.0,228.0,228.0,12.0,11.0,12.0,0.0,72689.3,
2021-07-12 13:00:00+00:00,14.8,21.4,33.6,29.4,388.9,751.5,15.1,33.6,1518.0,228.0,229.0,228.0,235.0,236.0,232.0,156.5,72852.5,9.699680511182109
2021-07-12 14:00:00+00:00,15.1,21.1,32.7,28.9,387.5,732.9,15.1,32.8,1402.5,227.0,228.0,228.0,212.0,214.0,209.0,139.7,73009.2,10.039370078740157
2021-07-12 15:00:00+00:00,21.5,20.7,29.2,28.2,521.2,521.9,22.8,22.8,0.0,228.0,229.0,229.0,10.0,10.0,11.0,0.0,73020.8,
2021-07-12 16:00:00+00:00,21.7,20.8,29.2,27.5,526.1,526.1,23.0,23.0,0.0,228.0,229.0,229.0,11.0,10.0,11.0,0.0,73020.9,
2021-07-12 17:00:00+00:00,18.9,21.1,29.2,27.2,522.6,522.6,22.9,22.9,0.0,230.0,230.0,230.0,11.0,10.0,11.0,0.0,73021.0,
2021-07-12 18:00:00+00:00,18.2,21.2,29.2,26.9,514.3,514.3,22.4,22.4,0.0,229.0,230.0,229.0,11.0,10.0,11.0,0.0,73021.0,
2021-07-12 19:00:00+00:00,18.0,21.2,29.2,26.8,507.5,510.2,22.1,22.2,0.0,228.0,229.0,229.0,10.0,10.0,11.0,0.0,73021.1,
2021-07-12 20:00:00+00:00,20.8,20.9,29.2,26.6,492.3,494.4,21.2,21.3,0.0,230.0,231.0,231.0,11.0,10.0,11.0,0.0,73021.1,
2021-07-12 21:00:00+00:00,19.6,21.6,30.7,30.1,513.0,515.7,22.3,22.5,0.0,231.0,231.0,232.0,11.0,10.0,11.0,0.0,73021.3,
2021-07-12 22:00:00+00:00,18.2,21.5,30.4,29.6,508.8,510.9,22.1,22.3,0.0,226.0,226.0,227.0,10.0,10.0,11.0,0.0,73021.3,
2021-07-12 23:00:00+00:00,17.8,21.4,30.4,29.1,502.6,505.4,21.8,21.9,0.0,227.0,227.0,228.0,10.0,10.0,11.0,0.0,73021.4,
2021-07-13 00:00:00+00:00,17.7,21.3,30.3,28.8,498.5,501.2,21.6,21.7,0.0,227.0,228.0,228.0,11.0,10.0,11.0,0.0,73021.5,
2021-07-13 01:00:00+00:00,17.5,21.2,30.2,28.6,495.0,497.1,21.4,21.5,0.0,226.0,226.0,226.0,10.0,10.0,11.0,0.0,73021.5,
2021-07-13 02:00:00+00:00,17.1,20.9,30.1,28.4,490.2,492.3,21.1,21.3,0.0,227.0,227.0,227.0,10.0,10.0,11.0,0.0,73021.6,
2021-07-13 03:00:00+00:00,17.1,20.8,30.0,28.3,486.1,488.1,20.9,21.1,0.0,228.0,228.0,228.0,11.0,10.0,11.0,0.0,73021.7,
2021-07-13 04:00:00+00:00,16.9,20.6,29.9,28.2,481.9,484.0,20.7,20.8,0.0,226.0,227.0,227.0,10.0,10.0,11.0,0.0,73021.7,
2021-07-13 05:00:00+00:00,16.8,20.5,29.8,28.2,479.2,481.3,20.6,20.6,0.0,227.0,228.0,228.0,11.0,10.0,11.0,0.0,73021.8,
2021-07-13 06:00:00+00:00,16.7,20.3,29.8,28.1,475.0,477.1,20.3,20.4,0.0,227.0,228.0,228.0,10.0,10.0,11.0,0.0,73021.9,
2021-07-13 07:00:00+00:00,16.6,20.2,29.7,28.1,469.5,471.6,20.0,20.1,0.0,227.0,227.0,227.0,11.0,10.0,11.0,0.0,73021.9,
2021-07-13 08:00:00+00:00,16.5,19.9,29.6,28.1,464.0,466.8,19.7,19.8,0.0,228.0,228.0,228.0,11.0,10.0,11.0,0.0,73022.0,
2021-07-13 09:00:00+00:00,20.2,20.3,29.4,28.1,478.5,481.3,20.4,20.6,0.0,228.0,228.0,228.0,11.0,10.0,11.0,0.0,73022.1,
2021-07-13 10:00:00+00:00,21.7,21.7,29.4,28.1,504.7,506.8,21.9,21.9,0.0,226.0,227.0,227.0,10.0,10.0,11.0,0.0,73022.1,
2021-07-13 11:00:00+00:00,21.3,23.2,29.3,28.2,528.1,530.9,23.2,23.3,0.0,225.0,226.0,226.0,12.0,11.0,12.0,0.0,73022.2,
2021-07-13 12:00:00+00:00,18.5,22.8,29.3,28.2,511.6,513.7,22.3,22.4,0.0,227.0,228.0,228.0,12.0,11.0,12.0,0.0,73022.3,
2021-07-13 13:00:00+00:00,18.3,22.5,29.2,28.3,502.6,504.7,21.8,21.9,0.0,225.0,226.0,225.0,12.0,12.0,12.0,0.0,73022.4,
2021-07-13 14:00:00+00:00,21.3,21.4,29.2,28.3,499.9,501.9,21.6,21.7,0.0,226.0,226.0,226.0,10.0,10.0,10.0,0.0,73022.5,
2021-07-13 15:00:00+00:00,22.3,22.4,29.2,28.3,517.8,519.9,22.6,22.7,0.0,226.0,227.0,226.0,10.0,10.0,11.0,0.0,73022.5,
2021-07-13 16:00:00+00:00,23.1,23.6,29.1,28.3,537.8,540.5,23.6,23.8,0.0,224.0,225.0,225.0,12.0,11.0,12.0,0.0,73022.6,
2021-07-13 17:00:00+00:00,19.1,23.2,29.1,28.4,521.2,523.3,22.8,22.9,0.0,229.0,230.0,229.0,12.0,11.0,12.0,0.0,73022.7,
2021-07-13 18:00:00+00:00,18.5,22.9,29.1,28.4,508.8,510.9,22.2,22.3,0.0,230.0,231.0,231.0,12.0,12.0,12.0,0.0,73022.8,
2021-07-13 19:00:00+00:00,18.3,22.4,29.1,28.4,500.6,502.6,21.7,21.8,0.0,229.0,230.0,230.0,12.0,12.0,12.0,0.2,73022.9,0.0
2021-07-13 20:00:00+00:00,19.9,21.8,30.6,30.2,512.3,515.0,22.4,22.5,0.0,232.0,232.0,232.0,12.0,11.0,12.0,0.0,73023.0,
2021-07-13 21:00:00+00:00,20.6,20.8,28.9,28.8,490.2,490.9,21.1,21.2,0.0,229.0,230.0,230.0,11.0,10.0,11.0,0.0,73062.0,
2021-07-13 22:00:00+00:00,21.9,22.0,29.1,27.9,510.9,510.9,22.2,22.3,0.0,229.0,230.0,230.0,11.0,10.0,11.0,0.0,73062.1,
2021-07-13 23:00:00+00:00,23.5,23.6,29.2,27.6,539.2,538.5,23.7,23.7,0.0,229.0,230.0,230.0,11.0,10.0,11.0,0.0,73062.1,
2021-07-14 00:00:00+00:00,19.4,23.6,29.2,27.6,536.4,539.2,23.7,23.7,0.0,228.0,229.0,230.0,12.0,12.0,12.0,0.0,73062.2,
2021-07-14 01:00:00+00:00,18.7,23.2,29.2,27.4,525.4,527.4,23.0,23.2,0.0,229.0,230.0,230.0,12.0,12.0,12.0,0.0,73062.3,
2021-07-14 02:00:00+00:00,18.0,22.9,29.2,27.3,515.0,517.8,22.4,22.6,0.0,230.0,230.0,230.0,12.0,11.0,12.0,0.0,73062.4,
2021-07-14 03:00:00+00:00,17.7,22.4,29.2,27.2,507.5,509.5,22.1,22.2,0.0,227.0,228.0,228.0,12.0,11.0,12.0,0.0,73062.5,
2021-07-14 04:00:00+00:00,17.7,22.1,29.2,27.2,502.6,504.7,21.8,21.9,0.0,226.0,227.0,228.0,12.0,11.0,12.0,0.0,73062.6,
2021-07-14 05:00:00+00:00,17.3,21.8,29.2,27.1,497.1,499.9,21.6,21.6,0.0,227.0,227.0,228.0,12.0,11.0,12.0,0.0,73062.7,
2021-07-14 06:00:00+00:00,17.3,21.6,29.1,27.0,493.7,495.7,21.3,21.4,0.0,226.0,227.0,228.0,12.0,12.0,12.0,0.0,73062.8,
2021-07-14 07:00:00+00:00,17.2,21.3,29.1,27.0,490.2,492.3,21.1,21.3,0.0,226.0,226.0,227.0,12.0,11.0,12.0,0.0,73062.9,
2021-07-14 08:00:00+00:00,17.0,21.1,29.1,26.9,486.8,488.8,21.0,21.1,0.0,227.0,227.0,227.0,12.0,12.0,12.0,0.0,73063.0,
2021-07-14 09:00:00+00:00,17.2,20.9,28.9,26.9,484.0,486.1,20.8,20.9,0.0,226.0,227.0,227.0,12.0,11.0,12.0,0.0,73063.0,
2021-07-14 10:00:00+00:00,17.4,20.8,28.9,26.9,483.3,485.4,20.8,20.8,0.0,225.0,225.0,225.0,12.0,12.0,12.0,0.0,73063.1,
2021-07-14 11:00:00+00:00,17.3,20.7,28.8,27.0,481.9,484.7,20.7,20.8,0.0,227.0,228.0,228.0,12.0,12.0,12.0,0.0,73063.2,
2021-07-14 12:00:00+00:00,17.3,20.6,28.8,27.0,481.3,483.3,20.7,20.7,0.0,226.0,226.0,226.0,12.0,12.0,12.0,0.0,73063.3,
2021-07-14 13:00:00+00:00,17.3,20.4,28.8,27.0,480.6,482.6,20.6,20.7,0.0,228.0,228.0,228.0,12.0,11.0,12.0,0.0,73063.4,
2021-07-14 14:00:00+00:00,17.3,20.4,28.8,27.0,479.2,481.3,20.6,20.6,0.0,227.0,228.0,228.0,12.0,11.0,12.0,0.0,73063.5,
2021-07-14 15:00:00+00:00,17.8,20.3,28.7,27.1,479.2,481.3,20.4,20.6,0.0,230.0,231.0,230.0,12.0,11.0,12.0,0.0,73063.6,
2021-07-14 16:00:00+00:00,18.1,20.3,28.7,27.1,479.9,481.9,20.6,20.6,0.0,229.0,229.0,229.0,12.0,12.0,12.0,0.0,73063.7,
2021-07-14 17:00:00+00:00,18.1,20.3,28.7,27.2,477.8,479.9,20.4,20.5,0.0,229.0,230.0,230.0,12.0,11.0,12.0,0.0,73063.8,
2021-07-14 18:00:00+00:00,18.1,20.3,28.7,27.3,477.1,478.5,20.3,20.5,0.0,227.0,228.0,228.0,12.0,11.0,12.0,0.0,73063.9,
2021-07-14 19:00:00+00:00,18.1,20.3,28.7,27.4,475.7,477.8,20.3,20.4,0.0,227.0,228.0,228.0,12.0,11.0,12.0,0.0,73063.9,
2021-07-14 20:00:00+00:00,18.0,20.3,28.7,27.6,473.7,475.7,20.2,20.4,0.0,230.0,230.0,230.0,11.0,10.0,11.0,0.0,73064.0,
2021-07-14 21:00:00+00:00,18.8,20.3,28.7,27.7,475.0,477.1,20.2,20.4,0.0,230.0,231.0,231.0,11.0,10.0,11.0,0.0,73064.1,
2021-07-14 22:00:00+00:00,18.1,20.4,28.6,27.7,475.0,477.8,20.3,20.4,0.0,228.0,228.0,228.0,11.0,10.0,11.0,0.0,73064.1,
2021-07-14 23:00:00+00:00,16.8,20.2,28.6,27.8,469.5,471.6,20.0,20.1,0.0,228.0,228.0,229.0,11.0,10.0,11.0,0.0,73064.2,
2021-07-15 00:00:00+00:00,16.6,20.1,28.6,27.8,464.0,466.8,19.7,19.8,0.0,229.0,229.0,230.0,11.0,10.0,11.0,0.0,73064.3,
2021-07-15 01:00:00+00:00,16.3,19.9,28.6,27.9,459.9,461.3,19.4,19.5,0.0,228.0,229.0,229.0,11.0,10.0,11.0,0.0,73064.3,
2021-07-15 02:00:00+00:00,16.3,19.7,28.6,27.9,456.4,457.8,19.2,19.4,0.0,228.0,228.0,229.0,10.0,10.0,11.0,0.0,73064.4,
2021-07-15 03:00:00+00:00,16.2,19.6,28.6,27.9,453.7,455.7,19.1,19.2,0.0,228.0,229.0,229.0,11.0,10.0,11.0,0.0,73064.4,
2021-07-15 04:00:00+00:00,16.1,19.4,28.6,28.0,450.9,453.0,18.9,19.1,0.0,230.0,230.0,230.0,11.0,10.0,11.0,0.0,73064.5,
2021-07-15 05:00:00+00:00,16.1,19.2,28.6,28.0,449.5,450.9,18.8,18.9,0.0,230.0,230.0,231.0,11.0,10.0,11.0,0.0,73064.6,
2021-07-15 06:00:00+00:00,16.0,19.1,28.6,28.0,447.5,448.8,18.7,18.8,0.0,230.0,231.0,231.0,11.0,10.0,11.0,0.0,73064.6,
2021-07-15 07:00:00+00:00,16.1,19.0,28.6,28.1,446.1,447.5,18.7,18.7,0.0,229.0,230.0,230.0,11.0,10.0,11.0,0.0,73064.7,
2021-07-15 08:00:00+00:00,15.9,18.9,28.6,28.1,444.0,446.1,18.6,18.6,0.0,226.0,227.0,227.0,10.0,10.0,11.0,0.0,73064.7,
2021-07-15 09:00:00+00:00,16.1,18.8,28.6,28.1,443.3,444.7,18.4,18.5,0.0,228.0,228.0,228.0,11.0,10.0,11.0,0.0,73064.8,
2021-07-15 10:00:00+00:00,17.0,18.8,28.6,28.1,445.4,446.8,18.6,18.6,0.0,227.0,227.0,227.0,10.0,10.0,11.0,0.0,73064.9,
2021-07-15 11:00:00+00:00,0.0,0.0,0.0,0.0,0.0,0.0,0.0,0.0,0.0,0.0,0.0,0.0,0.0,0.0,0.0,0.0,73064.9,
2021-07-15 12:00:00+00:00,0.0,0.0,0.0,0.0,0.0,0.0,0.0,0.0,0.0,0.0,0.0,0.0,0.0,0.0,0.0,0.0,73064.9,
2021-07-15 13:00:00+00:00,0.0,0.0,0.0,0.0,0.0,0.0,0.0,0.0,0.0,0.0,0.0,0.0,0.0,0.0,0.0,0.0,73064.9,
2021-07-15 14:00:00+00:00,0.0,0.0,0.0,0.0,0.0,0.0,0.0,0.0,0.0,0.0,0.0,0.0,0.0,0.0,0.0,0.0,73064.9,
2021-07-15 15:00:00+00:00,17.2,18.9,28.8,28.4,449.5,450.9,18.8,18.9,0.0,231.0,232.0,232.0,11.0,10.0,11.0,0.0,73064.9,
2021-07-15 16:00:00+00:00,16.7,19.0,28.8,28.4,449.5,451.6,18.8,18.9,0.0,229.0,230.0,230.0,11.0,10.0,11.0,0.0,73065.0,
2021-07-15 17:00:00+00:00,16.6,19.0,28.8,28.4,449.5,451.6,18.8,18.9,0.0,231.0,232.0,232.0,11.0,10.0,11.0,0.0,73065.1,
2021-07-15 18:00:00+00:00,16.6,19.0,28.9,28.6,449.5,450.9,18.8,18.9,0.0,230.0,231.0,230.0,11.0,10.0,11.0,0.0,73065.2,
2021-07-15 19:00:00+00:00,16.6,19.0,28.9,28.6,448.8,450.9,18.8,18.9,0.0,229.0,230.0,230.0,11.0,10.0,11.0,0.0,73065.3,
2021-07-15 20:00:00+00:00,16.6,19.0,28.9,28.6,449.5,450.9,18.8,18.9,0.0,232.0,233.0,233.0,11.0,10.0,11.0,0.0,73065.4,
2021-07-15 21:00:00+00:00,17.1,19.0,28.9,28.6,450.2,451.6,18.8,18.9,0.0,229.0,230.0,230.0,11.0,10.0,11.0,0.0,73065.4,
2021-07-15 22:00:00+00:00,17.6,19.1,28.9,28.6,452.3,453.7,18.9,19.0,0.0,226.0,227.0,227.0,10.0,10.0,11.0,0.0,73065.5,
2021-07-15 23:00:00+00:00,16.9,19.2,28.9,28.7,453.0,454.4,18.9,19.1,0.0,228.0,228.0,228.0,11.0,10.0,11.0,0.0,73065.6,
2021-07-16 00:00:00+00:00,16.6,19.2,28.9,28.7,451.6,453.7,18.9,19.1,0.0,228.0,229.0,229.0,11.0,10.0,11.0,0.0,73065.7,
2021-07-16 01:00:00+00:00,16.6,19.1,29.1,28.7,450.9,453.0,18.9,19.0,0.0,226.0,227.0,227.0,11.0,10.0,11.0,0.0,73065.8,
2021-07-16 02:00:00+00:00,16.6,19.1,29.1,28.7,450.9,452.3,18.9,19.0,0.0,227.0,228.0,228.0,11.0,10.0,11.0,0.0,73065.8,
2021-07-16 03:00:00+00:00,16.6,19.1,29.1,28.7,450.2,452.3,18.8,19.0,0.0,228.0,228.0,229.0,11.0,10.0,11.0,0.0,73065.9,
2021-07-16 04:00:00+00:00,16.6,19.1,29.1,28.7,450.2,451.6,18.8,19.0,0.0,229.0,229.0,229.0,11.0,10.0,11.0,0.0,73066.0,
2021-07-16 05:00:00+00:00,16.6,19.1,29.1,28.7,449.5,451.6,18.8,18.9,0.0,230.0,230.0,230.0,11.0,10.0,11.0,0.0,73066.1,
2021-07-16 06:00:00+00:00,16.6,19.1,29.1,28.7,449.5,451.6,18.8,18.9,0.0,228.0,228.0,229.0,11.0,10.0,11.0,0.0,73066.1,
2021-07-16 07:00:00+00:00,16.6,19.1,29.1,28.7,449.5,451.6,18.8,18.9,0.0,228.0,229.0,229.0,11.0,10.0,11.0,0.0,73066.2,
2021-07-16 08:00:00+00:00,16.6,19.1,29.1,28.8,449.5,451.6,18.8,18.9,0.0,225.0,226.0,226.0,10.0,10.0,10.0,0.0,73066.3,
2021-07-16 09:00:00+00:00,16.6,19.1,29.1,28.8,449.5,450.9,18.8,18.9,0.0,229.0,230.0,230.0,11.0,10.0,11.0,0.0,73066.4,
2021-07-16 10:00:00+00:00,16.6,19.1,29.1,28.8,449.5,450.9,18.8,18.9,0.0,229.0,229.0,229.0,11.0,10.0,11.0,0.0,73066.5,
2021-07-16 11:00:00+00:00,16.1,19.0,29.1,28.8,448.2,449.5,18.7,18.9,0.0,228.0,228.0,229.0,11.0,10.0,11.0,0.0,73066.5,
2021-07-16 12:00:00+00:00,15.8,19.0,29.1,28.8,445.4,447.5,18.6,18.7,0.0,228.0,228.0,228.0,11.0,10.0,11.0,0.0,73066.6,
2021-07-16 13:00:00+00:00,15.6,18.9,29.2,28.8,443.3,445.4,18.5,18.6,0.0,226.0,227.0,227.0,10.0,10.0,11.0,0.0,73066.7,
2021-07-16 14:00:00+00:00,15.5,18.8,29.2,28.8,441.3,443.3,18.4,18.4,0.0,225.0,226.0,226.0,11.0,10.0,11.0,0.0,73066.7,
2021-07-16 15:00:00+00:00,15.5,18.7,29.2,28.8,439.9,442.0,18.3,18.4,0.0,226.0,226.0,226.0,10.0,10.0,10.0,0.0,73066.8,
2021-07-16 16:00:00+00:00,15.5,18.7,29.2,28.8,439.2,440.6,18.2,18.3,0.0,226.0,226.0,226.0,10.0,10.0,11.0,0.0,73066.9,
2021-07-16 17:00:00+00:00,15.5,18.6,29.2,28.8,437.8,439.9,18.2,18.2,0.0,227.0,228.0,228.0,11.0,10.0,11.0,0.0,73067.0,
2021-07-16 18:00:00+00:00,15.4,18.4,29.2,28.8,436.4,438.5,18.1,18.2,0.0,228.0,230.0,229.0,11.0,10.0,11.0,0.0,73067.1,
2021-07-16 19:00:00+00:00,16.1,18.4,29.2,28.8,437.1,439.9,18.1,18.2,0.0,228.0,229.0,229.0,11.0,10.0,11.0,0.0,73067.1,
2021-07-16 20:00:00+00:00,16.6,18.4,29.2,28.8,439.2,441.3,18.2,18.3,0.0,230.0,231.0,231.0,11.0,10.0,11.0,0.0,73067.2,
2021-07-16 21:00:00+00:00,17.2,18.4,29.2,28.8,442.0,443.3,18.4,18.4,0.0,230.0,231.0,231.0,11.0,10.0,11.0,0.0,73067.3,
2021-07-16 22:00:00+00:00,17.3,18.6,29.2,28.8,444.7,446.1,18.5,18.6,0.0,228.0,229.0,229.0,11.0,10.0,11.0,0.0,73067.4,
2021-07-16 23:00:00+00:00,16.6,18.6,29.2,28.8,444.0,446.1,18.5,18.6,0.0,229.0,229.0,230.0,11.0,10.0,11.0,0.0,73067.4,
2021-07-17 00:00:00+00:00,16.5,18.7,29.2,28.8,444.0,445.4,18.5,18.6,0.0,229.0,230.0,230.0,11.0,10.0,11.0,0.0,73067.5,
2021-07-17 01:00:00+00:00,16.5,18.7,29.2,28.8,444.0,446.1,18.5,18.6,0.0,229.0,229.0,230.0,11.0,10.0,11.0,0.0,73067.6,
2021-07-17 02:00:00+00:00,16.5,18.7,29.2,28.7,444.0,445.4,18.5,18.6,0.0,228.0,228.0,229.0,11.0,10.0,11.0,0.0,73067.7,
2021-07-17 03:00:00+00:00,16.5,18.7,29.2,28.7,444.0,445.4,18.5,18.6,0.0,229.0,230.0,230.0,11.0,10.0,11.0,0.0,73067.7,
2021-07-17 04:00:00+00:00,16.1,18.7,29.1,28.7,443.3,444.7,18.5,18.6,0.0,230.0,230.0,230.0,11.0,10.0,11.0,0.0,73067.8,
2021-07-17 05:00:00+00:00,15.9,18.7,29.1,28.7,442.0,443.3,18.4,18.4,0.0,230.0,231.0,231.0,11.0,10.0,11.0,0.0,73067.9,
2021-07-17 06:00:00+00:00,15.8,18.6,29.1,28.7,440.6,442.0,18.3,18.3,0.0,230.0,231.0,231.0,11.0,10.0,11.0,0.0,73068.0,
2021-07-17 07:00:00+00:00,15.7,18.4,29.1,28.7,439.2,441.3,18.3,18.3,0.0,230.0,230.0,230.0,11.0,10.0,11.0,0.0,73068.1,
2021-07-17 08:00:00+00:00,15.7,18.4,29.1,28.7,438.5,439.9,18.2,18.2,0.0,224.0,225.0,225.0,10.0,10.0,11.0,0.0,73068.1,
2021-07-17 09:00:00+00:00,15.7,18.4,29.1,28.7,437.8,439.2,18.2,18.2,0.0,224.0,225.0,225.0,10.0,10.0,10.0,0.0,73068.2,
2021-07-17 10:00:00+00:00,15.7,18.3,29.1,28.7,437.1,438.5,18.2,18.2,0.0,228.0,228.0,228.0,11.0,10.0,11.0,0.0,73068.3,
2021-07-17 11:00:00+00:00,15.8,18.3,29.1,28.6,437.1,438.5,18.1,18.2,0.0,227.0,228.0,228.0,11.0,10.0,11.0,0.0,73068.3,
2021-07-17 12:00:00+00:00,15.7,18.3,29.1,28.6,436.4,438.5,18.1,18.1,0.0,229.0,229.0,229.0,12.0,12.0,12.0,0.0,73068.4,
2021-07-17 13:00:00+00:00,15.7,18.3,29.1,28.6,436.4,438.5,18.1,18.1,0.0,228.0,229.0,229.0,12.0,12.0,12.0,0.0,73068.5,
2021-07-17 14:00:00+00:00,16.2,18.3,29.1,28.6,437.1,439.2,18.1,18.2,0.0,225.0,226.0,226.0,12.0,12.0,12.0,0.0,73068.6,
2021-07-17 15:00:00+00:00,16.3,18.3,29.1,28.6,437.8,439.9,18.1,18.2,0.0,225.0,226.0,226.0,10.0,10.0,11.0,0.0,73068.6,
2021-07-17 16:00:00+00:00,16.8,18.4,29.1,28.6,439.9,442.0,18.3,18.3,0.0,225.0,225.0,225.0,10.0,10.0,11.0,0.0,73068.7,
2021-07-17 17:00:00+00:00,16.7,18.4,29.1,28.6,442.0,444.0,18.3,18.4,0.0,226.0,226.0,227.0,10.0,10.0,10.0,0.0,73068.7,
2021-07-17 18:00:00+00:00,16.5,18.4,29.1,28.6,442.0,444.0,18.4,18.4,0.0,230.0,231.0,231.0,11.0,10.0,11.0,0.0,73068.8,
2021-07-17 19:00:00+00:00,16.3,18.6,29.1,28.6,442.0,444.0,18.4,18.4,0.0,230.0,231.0,231.0,11.0,10.0,11.0,0.0,73068.9,
2021-07-17 20:00:00+00:00,16.4,18.6,29.1,28.6,442.0,443.3,18.4,18.4,0.0,232.0,232.0,233.0,11.0,10.0,11.0,0.0,73069.0,
2021-07-17 21:00:00+00:00,16.3,18.6,29.1,28.6,442.0,444.0,18.4,18.4,0.0,229.0,230.0,230.0,11.0,10.0,11.0,0.0,73069.1,
2021-07-17 22:00:00+00:00,16.4,18.6,29.1,28.6,442.6,444.0,18.4,18.4,0.0,228.0,228.0,229.0,11.0,10.0,11.0,0.0,73069.2,
2021-07-17 23:00:00+00:00,16.4,18.6,28.9,28.6,442.6,444.0,18.4,18.4,0.0,229.0,229.0,229.0,11.0,10.0,11.0,0.0,73069.3,
2021-07-18 00:00:00+00:00,16.4,18.6,28.9,28.6,442.6,444.7,18.4,18.4,0.0,229.0,230.0,230.0,11.0,10.0,11.0,0.0,73069.3,
2021-07-18 01:00:00+00:00,16.4,18.6,28.9,28.6,443.3,444.7,18.4,18.6,0.0,229.0,230.0,230.0,11.0,10.0,11.0,0.0,73069.4,
2021-07-18 02:00:00+00:00,16.4,18.6,28.9,28.6,443.3,444.7,18.4,18.6,0.0,230.0,230.0,231.0,11.0,10.0,11.0,0.0,73069.5,
2021-07-18 03:00:00+00:00,16.4,18.6,28.9,28.6,443.3,444.7,18.4,18.6,0.0,230.0,231.0,231.0,11.0,10.0,11.0,0.0,73069.6,
2021-07-18 04:00:00+00:00,16.4,18.6,28.9,28.6,443.3,444.7,18.4,18.6,0.0,230.0,231.0,231.0,11.0,10.0,11.0,0.0,73069.7,
2021-07-18 05:00:00+00:00,16.4,18.6,28.9,28.4,443.3,444.7,18.4,18.6,0.0,228.0,228.0,229.0,11.0,10.0,11.0,0.0,73069.8,
2021-07-18 06:00:00+00:00,16.4,18.6,28.9,28.4,443.3,445.4,18.4,18.6,0.0,227.0,227.0,228.0,11.0,10.0,11.0,0.0,73069.9,
2021-07-18 07:00:00+00:00,15.9,18.6,28.8,28.4,442.0,443.3,18.4,18.4,0.0,227.0,227.0,228.0,10.0,10.0,11.0,0.0,73069.9,
2021-07-18 08:00:00+00:00,15.8,18.6,28.8,28.4,440.6,442.0,18.3,18.3,0.0,226.0,227.0,227.0,11.0,10.0,11.0,0.0,73070.0,
2021-07-18 09:00:00+00:00,15.7,18.4,28.8,28.4,439.2,440.6,18.2,18.3,0.0,225.0,226.0,226.0,10.0,10.0,10.0,0.0,73070.1,
2021-07-18 10:00:00+00:00,15.7,18.4,28.8,28.4,438.5,439.2,18.2,18.2,0.0,227.0,227.0,227.0,11.0,10.0,11.0,0.0,73070.2,
2021-07-18 11:00:00+00:00,15.8,18.3,28.8,28.4,437.8,439.2,18.2,18.2,0.0,226.0,226.0,227.0,11.0,10.0,11.0,0.0,73070.3,
2021-07-18 12:00:00+00:00,16.2,18.3,28.8,28.4,438.5,439.9,18.2,18.2,0.0,228.0,229.0,229.0,11.0,10.0,11.0,0.0,73070.4,
2021-07-18 13:00:00+00:00,16.3,18.3,28.8,28.4,439.2,440.6,18.2,18.2,0.0,227.0,228.0,228.0,11.0,10.0,11.0,0.0,73070.5,
2021-07-18 14:00:00+00:00,16.3,18.3,28.8,28.4,439.9,441.3,18.2,18.3,0.0,226.0,227.0,227.0,10.0,10.0,11.0,0.0,73070.5,
2021-07-18 15:00:00+00:00,16.3,18.4,28.8,28.4,439.9,441.3,18.3,18.3,0.0,226.0,227.0,227.0,10.0,10.0,11.0,0.0,73070.6,
2021-07-18 16:00:00+00:00,16.3,18.4,28.8,28.4,440.6,442.0,18.3,18.3,0.0,227.0,228.0,228.0,11.0,10.0,11.0,0.0,73070.7,
2021-07-18 17:00:00+00:00,16.3,18.4,28.8,28.4,440.6,442.0,18.3,18.3,0.0,227.0,228.0,228.0,11.0,10.0,11.0,0.0,73070.8,
2021-07-18 18:00:00+00:00,16.3,18.4,28.8,28.4,440.6,442.6,18.3,18.3,0.0,229.0,230.0,230.0,11.0,10.0,11.0,0.0,73070.9,
2021-07-18 19:00:00+00:00,16.3,18.4,28.8,28.3,441.3,442.6,18.3,18.3,0.0,230.0,230.0,230.0,11.0,10.0,11.0,0.0,73071.0,
2021-07-18 20:00:00+00:00,16.8,18.4,28.7,28.3,442.6,444.0,18.4,18.4,0.0,230.0,231.0,231.0,11.0,10.0,11.0,0.0,73071.0,
2021-07-18 21:00:00+00:00,17.4,18.6,28.7,28.3,444.7,446.1,18.5,18.6,0.0,230.0,230.0,231.0,11.0,10.0,11.0,0.0,73071.1,
2021-07-18 22:00:00+00:00,17.7,18.7,28.7,28.3,447.5,448.8,18.6,18.8,0.0,230.0,231.0,231.0,11.0,10.0,11.0,0.0,73071.2,
2021-07-18 23:00:00+00:00,16.7,18.8,28.7,28.3,446.8,448.2,18.7,18.8,0.0,229.0,230.0,230.0,11.0,10.0,11.0,0.0,73071.3,
2021-07-19 00:00:00+00:00,16.5,18.8,28.7,28.3,446.1,447.5,18.6,18.7,0.0,227.0,228.0,228.0,10.0,10.0,11.0,0.0,73071.4,
2021-07-19 01:00:00+00:00,16.2,18.8,28.7,28.3,445.4,446.8,18.6,18.7,0.0,228.0,228.0,228.0,11.0,10.0,11.0,0.0,73071.5,
2021-07-19 02:00:00+00:00,15.8,18.7,28.7,28.3,443.3,444.0,18.5,18.6,0.0,227.0,228.0,228.0,11.0,10.0,11.0,0.0,73071.6,
2021-07-19 03:00:00+00:00,15.8,18.7,28.7,28.3,442.0,443.3,18.4,18.4,0.0,228.0,228.0,229.0,11.0,10.0,11.0,0.0,73071.6,
2021-07-19 04:00:00+00:00,15.7,18.6,28.7,28.3,440.6,442.0,18.3,18.3,0.0,228.0,228.0,228.0,11.0,10.0,11.0,0.0,73071.7,
2021-07-19 05:00:00+00:00,15.7,18.4,28.7,28.3,439.2,440.6,18.2,18.3,0.0,228.0,228.0,228.0,11.0,10.0,11.0,0.0,73071.8,
2021-07-19 06:00:00+00:00,15.7,18.4,28.7,28.3,438.5,439.9,18.2,18.2,0.0,228.0,228.0,228.0,11.0,10.0,11.0,0.0,73071.9,
2021-07-19 07:00:00+00:00,15.7,18.3,28.7,28.3,437.8,438.5,18.2,18.2,0.0,226.0,226.0,226.0,11.0,10.0,11.0,0.0,73072.0,
2021-07-19 08:00:00+00:00,16.2,18.3,28.7,28.3,437.8,439.2,18.1,18.2,0.0,228.0,228.0,228.0,10.0,10.0,11.0,0.0,73072.1,
2021-07-19 09:00:00+00:00,16.8,18.3,28.7,28.2,439.9,441.3,18.2,18.3,0.0,225.0,226.0,226.0,11.0,10.0,11.0,0.0,73072.1,
2021-07-19 10:00:00+00:00,16.5,18.4,28.7,28.2,441.3,442.6,18.3,18.4,0.0,228.0,228.0,228.0,11.0,10.0,11.0,0.0,73072.2,
2021-07-19 11:00:00+00:00,19.7,21.3,28.7,28.2,510.9,512.3,22.2,22.3,0.0,227.0,228.0,228.0,11.0,10.0,11.0,0.0,73072.3,
2021-07-19 12:00:00+00:00,21.7,21.8,28.7,28.2,504.7,506.8,21.9,22.0,0.0,229.0,230.0,230.0,12.0,12.0,12.0,0.0,73072.4,
2021-07-19 13:00:00+00:00,18.3,21.7,28.6,28.2,497.8,499.2,21.6,21.7,0.0,228.0,228.0,228.0,12.0,12.0,12.0,0.0,73072.5,
2021-07-19 14:00:00+00:00,20.9,21.0,28.6,28.2,491.6,493.0,21.2,21.3,0.0,227.0,228.0,228.0,11.0,10.0,11.0,0.0,73072.6,
2021-07-19 15:00:00+00:00,22.1,22.8,28.6,28.2,520.6,522.6,22.8,22.9,0.0,229.0,229.0,229.0,12.0,12.0,13.0,0.0,73072.7,
2021-07-19 16:00:00+00:00,18.7,22.6,28.7,28.3,508.1,509.5,22.1,22.2,0.0,228.0,229.0,229.0,12.0,12.0,12.0,0.0,73072.8,
2021-07-19 17:00:00+00:00,18.2,22.2,28.7,28.3,498.5,499.9,21.6,21.7,0.0,230.0,230.0,230.0,12.0,11.0,12.0,0.2,73072.9,0.0
2021-07-19 18:00:00+00:00,17.8,21.9,28.7,28.3,491.6,493.0,21.2,21.3,0.0,230.0,231.0,231.0,12.0,11.0,12.0,0.0,73073.0,
2021-07-19 19:00:00+00:00,17.7,21.6,28.7,28.3,486.1,486.8,20.9,21.0,0.0,229.0,230.0,230.0,12.0,12.0,12.0,0.0,73073.2,
2021-07-19 20:00:00+00:00,20.8,20.9,28.7,28.3,488.1,489.5,21.1,21.1,0.0,233.0,233.0,233.0,11.0,10.0,11.0,0.0,73073.3,
2021-07-19 21:00:00+00:00,22.4,22.4,28.8,28.3,518.5,519.9,22.6,22.7,0.0,230.0,230.0,230.0,11.0,10.0,11.0,0.0,73073.3,
2021-07-19 22:00:00+00:00,20.2,22.9,29.5,29.0,532.3,533.0,23.3,23.4,0.0,230.0,231.0,231.0,12.0,11.0,12.0,0.0,73076.4,
2021-07-19 23:00:00+00:00,18.4,22.6,29.4,28.7,521.2,524.0,22.8,22.9,0.0,226.0,227.0,227.0,12.0,12.0,12.0,0.0,73076.5,
2021-07-20 00:00:00+00:00,18.1,22.3,29.3,28.3,512.3,514.3,22.3,22.4,0.0,228.0,228.0,228.0,12.0,12.0,12.0,0.0,73076.6,
2021-07-20 01:00:00+00:00,17.9,22.0,29.3,28.1,506.1,508.1,22.0,22.1,0.0,226.0,227.0,227.0,12.0,11.0,12.0,0.0,73076.7,
2021-07-20 02:00:00+00:00,17.8,21.8,29.2,27.9,501.2,502.6,21.7,21.8,0.0,227.0,227.0,228.0,12.0,12.0,12.0,0.0,73076.8,
2021-07-20 03:00:00+00:00,17.7,21.6,29.2,27.8,496.4,497.8,21.4,21.6,0.0,228.0,228.0,229.0,12.0,11.0,12.0,0.0,73076.9,
2021-07-20 04:00:00+00:00,17.6,21.3,29.1,27.8,493.0,495.0,21.3,21.3,0.0,228.0,228.0,229.0,12.0,11.0,12.0,0.0,73076.9,
2021-07-20 05:00:00+00:00,17.5,21.2,29.1,27.7,490.2,491.6,21.1,21.2,0.0,228.0,229.0,229.0,12.0,12.0,12.0,0.0,73077.0,
2021-07-20 06:00:00+00:00,17.5,21.0,29.0,27.6,487.5,488.8,21.0,21.0,0.0,228.0,229.0,229.0,12.0,12.0,12.0,0.0,73077.1,
2021-07-20 07:00:00+00:00,17.4,20.9,29.0,27.6,484.7,486.1,20.9,20.9,0.0,227.0,228.0,228.0,12.0,11.0,12.0,0.0,73077.2,
2021-07-20 08:00:00+00:00,17.4,20.7,28.9,27.6,482.6,484.7,20.7,20.8,0.0,225.0,225.0,225.0,12.0,11.0,12.0,0.0,73077.3,
2021-07-20 09:00:00+00:00,17.4,20.6,28.9,27.6,480.6,481.9,20.6,20.7,0.0,226.0,227.0,227.0,11.0,10.0,11.0,0.0,73077.4,
2021-07-20 10:00:00+00:00,18.4,20.6,28.8,27.6,481.9,483.3,20.6,20.8,0.0,225.0,226.0,225.0,10.0,10.0,11.0,0.0,73077.4,
2021-07-20 11:00:00+00:00,15.8,23.3,35.2,28.8,396.4,776.3,15.7,34.6,1953.6,225.0,225.0,225.0,316.0,318.0,316.0,213.6,73093.7,9.146067415730338
2021-07-20 12:00:00+00:00,9.7,21.9,33.2,27.6,303.4,762.6,9.3,34.1,2362.7999999999997,226.0,227.0,227.0,406.0,410.0,403.0,270.1,73405.7,8.747871158830062
2021-07-20 13:00:00+00:00,10.2,19.9,33.9,28.6,320.6,779.8,10.5,34.8,2115.2999999999997,226.0,227.0,227.0,352.0,353.0,348.0,243.8,73655.6,8.676374077112385
2021-07-20 14:00:00+00:00,19.3,19.6,29.0,28.4,477.8,479.9,20.4,20.5,0.0,227.0,227.0,227.0,11.0,10.0,11.0,0.5,73837.6,0.0
2021-07-20 15:00:00+00:00,19.3,19.6,29.0,27.6,488.1,488.1,20.9,20.9,0.0,227.0,228.0,228.0,11.0,10.0,11.0,0.0,73837.7,
2021-07-20 16:00:00+00:00,19.8,19.6,29.0,26.9,495.0,495.0,21.4,21.3,0.0,226.0,227.0,227.0,10.0,10.0,11.0,0.0,73837.8,
2021-07-20 17:00:00+00:00,10.0,22.6,34.9,29.2,300.6,785.3,9.1,35.0,2709.3,226.0,227.0,227.0,489.0,496.0,489.0,325.9,73926.7,8.31328628413624
2021-07-20 18:00:00+00:00,16.6,20.5,30.7,29.4,485.4,492.3,20.8,21.2,0.0,227.0,228.0,228.0,11.0,10.0,11.0,0.8,74217.9,0.0
2021-07-20 19:00:00+00:00,20.2,20.4,29.7,28.4,502.6,503.3,21.8,21.8,0.0,226.0,226.0,226.0,10.0,10.0,11.0,0.0,74218.3,
2021-07-20 20:00:00+00:00,15.2,21.9,33.3,28.5,390.9,758.4,15.3,33.8,1597.2,228.0,229.0,229.0,233.0,236.0,232.0,164.2,74351.5,9.727161997563947
2021-07-20 21:00:00+00:00,14.8,20.8,32.6,28.6,388.2,725.3,15.0,32.4,1207.8,229.0,230.0,230.0,185.0,186.0,181.0,135.5,74496.6,8.913653136531366
2021-07-20 22:00:00+00:00,20.2,20.1,29.9,29.6,495.0,497.1,21.4,21.5,0.0,228.0,228.0,229.0,11.0,10.0,11.0,0.5,74618.8,0.0
2021-07-20 23:00:00+00:00,20.5,20.2,29.7,28.3,505.4,506.1,21.9,21.9,0.0,228.0,228.0,228.0,11.0,10.0,11.0,0.0,74619.0,
2021-07-21 00:00:00+00:00,14.9,20.5,33.2,29.4,384.0,740.5,14.8,33.1,1224.3,227.0,228.0,228.0,194.0,194.0,192.0,136.5,74735.0,8.96923076923077
2021-07-21 01:00:00+00:00,15.1,21.6,33.2,28.5,388.9,746.0,15.1,33.4,1455.3,227.0,228.0,228.0,216.0,218.0,214.0,145.4,74886.3,10.008940852819807
2021-07-21 02:00:00+00:00,14.9,21.1,32.8,28.9,394.4,735.7,15.5,32.9,1257.3,228.0,228.0,228.0,190.0,190.0,188.0,132.6,75027.0,9.481900452488688
2021-07-21 03:00:00+00:00,14.8,20.2,32.4,28.7,384.7,724.6,14.8,32.5,1155.0,229.0,229.0,229.0,178.0,180.0,177.0,127.5,75159.3,9.058823529411764
2021-07-21 04:00:00+00:00,15.2,20.4,32.2,29.3,395.1,736.4,15.5,32.9,1079.1000000000001,229.0,229.0,230.0,155.0,152.0,152.0,104.5,75284.2,10.326315789473686
2021-07-21 05:00:00+00:00,14.9,20.5,32.3,28.8,384.7,723.9,14.9,32.5,1151.7,228.0,229.0,229.0,184.0,183.0,181.0,121.1,75406.1,9.510322047894302
2021-07-21 06:00:00+00:00,14.9,20.3,32.2,28.9,384.0,723.3,14.9,32.4,1085.7,228.0,228.0,228.0,169.0,168.0,167.0,114.1,75525.4,9.515337423312884
2021-07-21 07:00:00+00:00,14.9,20.3,31.8,28.2,384.0,712.9,14.8,32.0,1151.7,227.0,228.0,228.0,181.0,184.0,179.0,120.5,75641.1,9.557676348547718
2021-07-21 08:00:00+00:00,14.8,20.3,32.6,28.9,383.3,731.5,14.8,32.7,1181.3999999999999,225.0,226.0,226.0,194.0,196.0,189.0,123.5,75757.3,9.565991902834007
2021-07-21 09:00:00+00:00,20.6,20.3,29.3,29.1,494.4,496.4,21.3,21.4,0.0,227.0,227.0,227.0,11.0,10.0,11.0,0.5,75868.4,0.0
2021-07-21 10:00:00+00:00,20.6,20.3,29.3,27.9,505.4,506.1,21.9,21.9,0.0,226.0,226.0,226.0,10.0,10.0,11.0,0.0,75868.6,
2021-07-21 11:00:00+00:00,20.9,20.4,29.2,27.2,511.6,513.7,22.3,22.3,0.0,226.0,226.0,226.0,11.0,10.0,10.0,0.0,75868.6,
2021-07-21 12:00:00+00:00,14.9,22.6,35.4,29.2,380.6,808.8,14.6,35.9,2009.7,229.0,230.0,230.0,321.0,325.0,318.0,222.2,76042.1,9.044554455445546
2021-07-21 13:00:00+00:00,15.0,20.9,34.1,30.1,386.1,768.8,15.0,34.3,1356.3,228.0,229.0,229.0,209.0,211.0,206.0,143.7,76215.2,9.438413361169102
2021-07-21 14:00:00+00:00,15.0,20.4,33.5,29.8,386.1,748.1,14.9,33.4,1240.8,224.0,225.0,225.0,200.0,200.0,198.0,130.7,76355.4,9.493496557000766
2021-07-21 15:00:00+00:00,20.7,20.2,29.4,28.4,506.1,506.1,21.9,22.0,0.0,226.0,226.0,226.0,10.0,10.0,11.0,0.0,76372.2,
2021-07-21 16:00:00+00:00,20.9,20.3,29.4,27.5,513.0,513.0,22.3,22.3,0.0,226.0,226.0,226.0,10.0,10.0,11.0,0.0,76372.2,
2021-07-21 17:00:00+00:00,14.9,22.8,34.4,29.6,377.8,794.3,14.3,35.3,2006.4,226.0,227.0,227.0,315.0,314.0,312.0,213.4,76538.9,9.402061855670103
2021-07-21 18:00:00+00:00,14.9,20.8,33.9,29.3,383.3,761.9,14.7,34.0,1442.1,229.0,230.0,230.0,228.0,228.0,225.0,161.9,76720.1,8.907350216182827
2021-07-21 19:00:00+00:00,20.8,20.7,29.3,28.6,506.1,507.5,21.9,22.1,0.0,229.0,229.0,229.0,11.0,10.0,11.0,0.0,76779.0,
2021-07-21 20:00:00+00:00,19.7,20.8,29.3,27.6,513.7,513.7,22.4,22.4,0.0,231.0,231.0,232.0,12.0,12.0,12.0,0.0,76779.1,
2021-07-21 21:00:00+00:00,18.0,20.9,29.3,27.2,508.1,510.9,22.1,22.3,0.0,228.0,229.0,229.0,12.0,12.0,12.0,0.0,76779.2,
2021-07-21 22:00:00+00:00,17.8,20.9,29.2,26.8,503.3,506.1,21.8,21.9,0.0,230.0,231.0,231.0,12.0,11.0,12.0,0.0,76779.3,
2021-07-21 23:00:00+00:00,20.7,20.8,29.2,26.7,490.2,492.3,21.1,21.2,0.0,229.0,230.0,230.0,11.0,10.0,11.0,0.0,76779.3,
2021-07-22 00:00:00+00:00,22.5,22.7,29.1,26.6,522.6,524.7,22.9,23.0,0.0,228.0,229.0,229.0,11.0,10.0,11.0,0.0,76779.4,
2021-07-22 01:00:00+00:00,15.3,23.8,34.9,31.2,387.5,818.4,15.0,36.3,1597.2,227.0,228.0,228.0,226.0,230.0,226.0,165.4,76799.3,9.65659008464329
2021-07-22 02:00:00+00:00,19.0,22.2,28.1,27.6,525.4,526.8,23.0,23.1,0.0,228.0,229.0,229.0,12.0,11.0,12.0,0.0,76836.8,
2021-07-22 03:00:00+00:00,17.8,22.0,28.2,26.8,515.7,515.0,22.6,22.5,0.0,229.0,230.0,230.0,12.0,11.0,12.0,0.0,76836.9,
2021-07-22 04:00:00+00:00,17.4,21.8,28.2,26.4,506.8,509.5,22.0,22.2,0.0,227.0,228.0,228.0,11.0,11.0,12.0,0.0,76837.0,
2021-07-22 05:00:00+00:00,17.3,21.6,28.3,26.2,501.2,502.6,21.8,21.8,0.0,228.0,229.0,229.0,12.0,11.0,12.0,0.0,76837.1,
2021-07-22 06:00:00+00:00,17.1,21.3,28.3,26.1,496.4,497.8,21.4,21.6,0.0,228.0,228.0,228.0,12.0,11.0,12.0,0.0,76837.2,
2021-07-22 07:00:00+00:00,17.1,21.1,28.3,25.9,493.7,495.0,21.3,21.4,0.0,226.0,227.0,227.0,12.0,12.0,12.0,0.0,76837.2,
2021-07-22 08:00:00+00:00,17.1,20.9,28.3,25.8,490.9,492.3,21.1,21.3,0.0,226.0,226.0,226.0,12.0,11.0,12.0,0.0,76837.3,
2021-07-22 09:00:00+00:00,17.1,20.8,28.3,25.8,488.1,490.2,21.0,21.2,0.0,228.0,228.0,228.0,11.0,10.0,11.0,0.0,76837.4,
2021-07-22 10:00:00+00:00,18.6,20.7,28.3,25.8,492.3,493.7,21.2,21.3,0.0,232.0,232.0,232.0,11.0,10.0,11.0,0.0,76837.5,
2021-07-22 11:00:00+00:00,15.1,21.7,33.9,29.0,390.2,779.1,15.2,34.7,1663.2,227.0,228.0,228.0,255.0,257.0,253.0,176.5,76967.0,9.423229461756375
2021-07-22 12:00:00+00:00,15.0,20.4,33.4,29.1,384.0,748.8,14.9,33.5,1395.9,226.0,227.0,227.0,229.0,229.0,226.0,150.2,77128.6,9.293608521970707
2021-07-22 13:00:00+00:00,15.2,20.2,32.1,28.7,393.0,725.3,15.3,32.4,1197.8999999999999,224.0,225.0,225.0,171.0,173.0,169.0,117.6,77262.4,10.186224489795917
2021-07-22 14:00:00+00:00,16.6,20.4,30.6,28.7,493.0,497.8,21.2,21.7,0.0,230.0,231.0,231.0,12.0,9.0,11.0,1.0,77384.5,0.0
2021-07-22 15:00:00+00:00,20.6,20.3,28.8,27.6,506.8,506.8,22.0,22.1,0.0,230.0,231.0,230.0,11.0,10.0,11.0,0.0,77384.7,
2021-07-22 16:00:00+00:00,17.9,20.4,28.8,26.8,506.1,506.1,22.0,22.1,0.0,229.0,230.0,230.0,12.0,11.0,12.0,0.0,77384.8,
2021-07-22 17:00:00+00:00,17.1,20.4,28.8,26.5,499.2,501.9,21.7,21.8,0.0,230.0,231.0,231.0,12.0,11.0,12.0,0.0,77384.9,
2021-07-22 18:00:00+00:00,17.0,20.4,28.8,26.3,494.4,496.4,21.3,21.5,0.0,226.0,226.0,226.0,12.0,11.0,12.0,0.0,77385.0,
2021-07-22 19:00:00+00:00,17.0,20.4,28.8,26.2,490.2,492.3,21.1,21.3,0.0,225.0,226.0,226.0,12.0,11.0,11.0,0.0,77385.1,
2021-07-22 20:00:00+00:00,19.9,20.1,28.8,26.1,474.4,475.7,20.3,20.3,0.0,228.0,229.0,229.0,11.0,10.0,11.0,0.0,77385.1,
2021-07-22 21:00:00+00:00,21.4,21.5,28.8,26.1,498.5,500.6,21.6,21.7,0.0,230.0,231.0,231.0,11.0,10.0,11.0,0.0,77385.2,
2021-07-22 22:00:00+00:00,18.7,22.1,28.7,26.1,511.6,513.7,22.3,22.4,0.0,225.0,226.0,226.0,12.0,11.0,12.0,0.0,77385.3,
2021-07-22 23:00:00+00:00,17.4,21.7,28.7,26.2,503.3,504.7,21.8,21.9,0.0,225.0,226.0,226.0,11.0,12.0,12.0,0.0,77385.4,
2021-07-23 00:00:00+00:00,17.2,21.5,28.7,26.2,497.1,498.5,21.5,21.6,0.0,227.0,227.0,228.0,12.0,11.0,12.0,0.0,77385.5,
2021-07-23 01:00:00+00:00,17.1,21.3,28.6,26.2,492.3,493.7,21.3,21.4,0.0,226.0,227.0,227.0,11.0,11.0,12.0,0.0,77385.6,
2021-07-23 02:00:00+00:00,17.0,21.1,28.6,26.2,488.8,490.2,21.1,21.2,0.0,227.0,228.0,228.0,12.0,12.0,12.0,0.0,77385.7,
2021-07-23 03:00:00+00:00,16.9,20.8,28.6,26.2,486.1,487.5,20.9,20.9,0.0,228.0,228.0,228.0,12.0,12.0,12.0,0.0,77385.7,
2021-07-23 04:00:00+00:00,16.9,20.6,28.5,26.2,484.0,485.4,20.8,20.8,0.0,228.0,229.0,229.0,12.0,12.0,12.0,0.0,77385.8,
2021-07-23 05:00:00+00:00,16.7,20.5,28.5,26.2,481.3,483.3,20.6,20.7,0.0,228.0,228.0,229.0,12.0,11.0,12.0,0.0,77385.9,
2021-07-23 06:00:00+00:00,16.7,20.4,28.5,26.2,479.2,480.6,20.5,20.6,0.0,228.0,228.0,228.0,12.0,11.0,12.0,0.0,77386.0,
2021-07-23 07:00:00+00:00,16.7,20.2,28.4,26.3,476.4,478.5,20.4,20.5,0.0,227.0,228.0,228.0,12.0,11.0,12.0,0.0,77386.1,
2021-07-23 08:00:00+00:00,16.6,20.1,28.4,26.3,474.4,475.7,20.3,20.4,0.0,226.0,227.0,227.0,12.0,11.0,12.0,0.0,77386.2,
2021-07-23 09:00:00+00:00,19.8,19.9,28.4,26.4,470.9,473.0,20.1,20.2,0.0,227.0,227.0,227.0,11.0,10.0,10.0,0.0,77386.3,
2021-07-23 10:00:00+00:00,20.7,20.9,28.4,26.4,492.3,493.7,21.2,21.2,0.0,225.0,226.0,226.0,10.0,10.0,11.0,0.0,77386.3,
2021-07-23 11:00:00+00:00,19.2,21.9,29.7,29.3,510.9,513.0,22.3,22.3,0.0,227.0,227.0,227.0,12.0,11.0,12.0,0.0,77386.5,
2021-07-23 12:00:00+00:00,18.1,21.8,29.6,29.1,503.3,505.4,21.8,22.0,0.0,229.0,230.0,230.0,12.0,12.0,12.0,0.0,77386.6,
2021-07-23 13:00:00+00:00,17.9,21.6,29.6,28.8,497.8,499.2,21.5,21.7,0.0,226.0,227.0,226.0,12.0,11.0,12.0,0.0,77386.7,
2021-07-23 14:00:00+00:00,17.8,21.4,29.5,28.7,493.0,495.0,21.3,21.4,0.0,225.0,226.0,226.0,12.0,11.0,12.0,0.0,77386.8,
2021-07-23 15:00:00+00:00,18.1,21.2,29.5,28.6,488.8,490.2,21.1,21.1,0.0,226.0,226.0,226.0,11.0,10.0,11.0,0.0,77386.8,
2021-07-23 16:00:00+00:00,19.2,21.2,29.4,28.6,488.1,490.2,21.1,21.1,0.0,225.0,226.0,226.0,10.0,10.0,10.0,0.0,77386.9,
2021-07-23 17:00:00+00:00,15.1,22.3,33.6,30.3,390.2,755.0,15.2,33.8,1623.6,226.0,227.0,227.0,252.0,256.0,249.0,165.1,77548.8,9.834039975772258
2021-07-23 18:00:00+00:00,14.9,21.5,33.4,29.3,384.7,746.0,14.9,33.4,1277.1000000000001,230.0,231.0,231.0,204.0,204.0,201.0,137.0,77698.5,9.32189781021898
2021-07-23 19:00:00+00:00,21.1,21.3,29.3,29.0,510.2,513.0,22.2,22.3,0.0,230.0,231.0,231.0,11.0,10.0,11.0,0.5,77826.3,0.0
2021-07-23 20:00:00+00:00,21.3,21.4,29.3,28.1,519.9,520.6,22.7,22.7,0.0,227.0,227.0,227.0,10.0,10.0,11.0,0.0,77826.5,
2021-07-23 21:00:00+00:00,14.9,23.9,34.4,29.7,392.3,788.8,15.3,35.1,2009.7,227.0,228.0,228.0,313.0,314.0,309.0,207.7,77868.0,9.675974963890226
2021-07-23 22:00:00+00:00,15.2,22.4,34.0,29.9,393.0,796.3,15.4,35.4,1722.6,229.0,230.0,230.0,245.0,248.0,245.0,176.2,78047.2,9.77639046538025
2021-07-23 23:00:00+00:00,15.0,21.4,33.9,29.8,382.7,760.5,14.8,34.0,1366.2,229.0,230.0,230.0,217.0,222.0,216.0,146.6,78215.4,9.319236016371079
2021-07-24 00:00:00+00:00,14.8,21.1,33.4,29.7,386.1,743.9,14.9,33.3,1164.8999999999999,229.0,230.0,230.0,179.0,182.0,178.0,133.3,78359.3,8.738934733683418
2021-07-24 01:00:00+00:00,15.1,20.8,33.8,30.1,388.2,768.8,15.1,34.3,1313.4,230.0,231.0,231.0,204.0,204.0,200.0,140.8,78490.6,9.328125
2021-07-24 02:00:00+00:00,15.1,20.8,33.2,29.8,388.2,754.3,15.1,33.7,1244.1000000000001,229.0,230.0,230.0,190.0,193.0,189.0,135.0,78622.2,9.215555555555557
2021-07-24 03:00:00+00:00,15.0,20.4,33.4,30.2,388.2,757.0,15.1,33.8,1211.1000000000001,227.0,228.0,228.0,192.0,196.0,192.0,128.2,78751.1,9.446957878315134
2021-07-24 04:00:00+00:00,14.9,20.7,32.9,29.3,384.7,735.0,14.8,32.9,1102.2,227.0,227.0,227.0,183.0,183.0,182.0,119.7,78887.4,9.208020050125313
2021-07-24 05:00:00+00:00,14.9,20.6,31.8,28.8,392.3,709.5,15.3,31.7,976.8,228.0,228.0,229.0,151.0,151.0,150.0,102.1,79014.4,9.567091087169441
2021-07-24 06:00:00+00:00,14.7,20.6,33.4,29.6,381.3,734.3,14.7,33.0,1214.3999999999999,227.0,228.0,228.0,243.0,242.0,240.0,151.7,79147.9,8.005273566249176
2021-07-24 07:00:00+00:00,15.0,20.8,33.1,29.7,384.0,741.2,14.8,33.1,1211.1000000000001,226.0,227.0,227.0,203.0,204.0,200.0,134.6,79286.1,8.997771173848442
2021-07-24 08:00:00+00:00,14.9,20.6,32.8,28.8,386.8,734.3,14.9,32.9,1155.0,228.0,229.0,228.0,183.0,185.0,179.0,128.3,79419.4,9.002338269680436
2021-07-24 09:00:00+00:00,14.9,20.0,33.4,29.9,386.1,750.8,14.9,33.6,1221.0,226.0,226.0,226.0,195.0,195.0,193.0,134.6,79555.6,9.071322436849925
2021-07-24 10:00:00+00:00,20.5,20.3,30.3,29.3,506.1,507.5,21.9,22.1,0.0,225.0,226.0,225.0,10.0,10.0,10.0,0.0,79592.7,
2021-07-24 11:00:00+00:00,20.8,20.4,30.2,28.2,513.7,514.3,22.4,22.4,0.0,224.0,225.0,225.0,10.0,10.0,10.0,0.0,79592.8,
2021-07-24 12:00:00+00:00,19.4,20.7,30.2,27.7,517.8,517.1,22.6,22.6,0.0,228.0,229.0,229.0,12.0,11.0,12.0,0.0,79592.8,
2021-07-24 13:00:00+00:00,18.1,20.8,30.1,27.5,510.9,510.9,22.3,22.3,0.0,226.0,227.0,227.0,12.0,12.0,12.0,0.0,79592.9,
2021-07-24 14:00:00+00:00,17.9,20.9,30.0,27.3,505.4,506.1,21.9,21.9,0.0,223.0,224.0,224.0,12.0,11.0,12.0,0.0,79593.0,
2021-07-24 15:00:00+00:00,17.7,20.9,30.0,27.2,500.6,502.6,21.7,21.8,0.0,223.0,224.0,224.0,12.0,11.0,12.0,0.0,79593.1,
2021-07-24 16:00:00+00:00,17.7,20.9,29.9,27.1,497.1,499.9,21.5,21.6,0.0,224.0,225.0,224.0,12.0,11.0,12.0,0.0,79593.2,
2021-07-24 17:00:00+00:00,18.8,20.9,29.8,27.1,498.5,500.6,21.5,21.6,0.0,227.0,228.0,227.0,10.0,10.0,11.0,0.0,79593.3,
2021-07-24 18:00:00+00:00,15.1,22.4,35.2,30.0,390.2,814.3,15.2,36.2,1910.7,229.0,230.0,230.0,294.0,295.0,293.0,204.0,79706.5,9.366176470588236
2021-07-24 19:00:00+00:00,15.2,21.3,33.7,29.9,395.8,764.6,15.6,34.2,1329.9,230.0,230.0,231.0,194.0,196.0,193.0,134.4,79883.9,9.895089285714286
2021-07-24 20:00:00+00:00,14.8,20.6,33.7,29.5,386.8,753.6,14.9,33.7,1306.8,231.0,231.0,231.0,206.0,208.0,204.0,152.8,80032.8,8.552356020942408
2021-07-24 21:00:00+00:00,15.2,20.8,33.3,29.8,382.0,750.1,14.7,33.6,1263.8999999999999,231.0,232.0,232.0,186.0,187.0,185.0,130.9,80164.8,9.655462184873947
2021-07-24 22:00:00+00:00,15.3,20.6,33.4,29.8,386.1,763.2,14.9,34.1,1366.2,226.0,227.0,227.0,208.0,209.0,206.0,143.0,80294.8,9.553846153846154
2021-07-24 23:00:00+00:00,15.1,20.5,33.3,29.4,388.2,746.7,15.2,33.4,1181.3999999999999,226.0,227.0,227.0,187.0,188.0,188.0,125.0,80425.5,9.451199999999998
2021-07-25 00:00:00+00:00,14.9,20.5,32.8,29.3,373.0,738.4,14.2,33.1,1442.1,227.0,228.0,228.0,251.0,253.0,251.0,174.9,80560.8,8.245283018867923
2021-07-25 01:00:00+00:00,15.1,20.7,32.8,29.3,381.3,741.9,14.7,33.2,1257.3,226.0,226.0,227.0,192.0,194.0,193.0,133.4,80688.3,9.42503748125937
2021-07-25 02:00:00+00:00,14.8,20.6,33.1,29.1,386.1,732.2,14.9,32.8,1118.7,225.0,226.0,226.0,181.0,181.0,180.0,116.8,80817.6,9.577910958904111
2021-07-25 03:00:00+00:00,14.8,20.5,32.2,29.0,386.8,717.1,15.0,32.2,1003.2,226.0,227.0,227.0,172.0,172.0,170.0,108.8,80954.4,9.220588235294118
2021-07-25 04:00:00+00:00,15.1,19.8,32.2,29.1,391.6,728.8,15.3,32.6,1181.3999999999999,227.0,227.0,227.0,178.0,181.0,179.0,119.4,81092.0,9.894472361809044
2021-07-25 05:00:00+00:00,14.9,19.9,33.2,29.3,382.0,743.9,14.7,33.3,1197.8999999999999,228.0,228.0,228.0,195.0,196.0,193.0,133.6,81222.1,8.966317365269461
2021-07-25 06:00:00+00:00,15.0,20.2,32.6,29.3,385.4,735.7,14.9,32.9,1151.7,228.0,229.0,229.0,179.0,179.0,176.0,120.3,81351.3,9.57356608478803
2021-07-25 07:00:00+00:00,15.2,20.4,32.9,29.4,381.3,745.3,14.6,33.3,1300.2,228.0,229.0,229.0,194.0,196.0,194.0,136.5,81472.5,9.525274725274725
2021-07-25 08:00:00+00:00,14.9,20.1,33.4,29.5,388.9,748.1,15.1,33.4,1201.2,226.0,227.0,227.0,190.0,192.0,191.0,131.4,81602.2,9.141552511415526
2021-07-25 09:00:00+00:00,20.7,20.2,30.0,29.6,499.9,502.6,21.6,21.7,0.0,225.0,226.0,226.0,11.0,10.0,10.0,0.5,81717.6,0.0
2021-07-25 10:00:00+00:00,20.8,20.3,30.0,28.4,510.2,511.6,22.2,22.3,0.0,224.0,225.0,225.0,10.0,10.0,10.0,0.0,81717.7,
2021-07-25 11:00:00+00:00,20.2,20.4,30.0,27.8,515.7,516.4,22.5,22.5,0.0,222.0,223.0,223.0,12.0,11.0,12.0,0.0,81717.8,
2021-07-25 12:00:00+00:00,18.3,20.6,30.0,27.4,512.3,511.6,22.3,22.3,0.0,224.0,225.0,225.0,12.0,11.0,12.0,0.0,81717.8,
2021-07-25 13:00:00+00:00,18.0,20.8,29.9,27.2,506.8,506.8,22.1,22.1,0.0,223.0,224.0,224.0,12.0,12.0,12.0,0.0,81717.9,
2021-07-25 14:00:00+00:00,17.9,20.8,29.9,27.1,502.6,504.0,21.8,21.8,0.0,222.0,223.0,223.0,10.0,9.0,10.0,0.2,81718.1,0.0
2021-07-25 15:00:00+00:00,19.0,20.8,29.8,27.0,503.3,505.4,21.8,21.9,0.0,223.0,224.0,224.0,10.0,9.0,10.0,0.2,81718.3,0.0
2021-07-25 16:00:00+00:00,18.6,20.9,29.7,27.0,505.4,507.5,21.9,22.1,0.0,222.0,223.0,223.0,12.0,11.0,12.0,0.2,81718.5,0.0
2021-07-25 17:00:00+00:00,17.9,20.9,29.7,26.9,500.6,503.3,21.7,21.8,0.0,222.0,223.0,223.0,12.0,11.0,12.0,0.2,81718.7,0.0
2021-07-25 18:00:00+00:00,17.8,20.9,29.6,26.9,498.5,500.6,21.6,21.7,0.0,225.0,226.0,226.0,12.0,11.0,12.0,0.2,81718.9,0.0
2021-07-25 19:00:00+00:00,17.8,20.9,29.6,26.9,496.4,498.5,21.5,21.6,0.0,225.0,226.0,226.0,12.0,11.0,12.0,0.2,81719.2,0.0
2021-07-25 20:00:00+00:00,17.7,20.9,29.4,26.9,495.0,497.8,21.4,21.5,0.0,226.0,226.0,227.0,12.0,11.0,12.0,0.2,81719.4,0.0
2021-07-25 21:00:00+00:00,18.6,20.9,29.4,26.9,496.4,499.2,21.4,21.6,0.0,225.0,226.0,226.0,11.0,10.0,11.0,0.2,81719.6,0.0
2021-07-25 22:00:00+00:00,19.5,20.9,29.3,26.9,501.9,504.0,21.7,21.8,0.0,225.0,226.0,227.0,12.0,11.0,12.0,0.2,81719.8,0.0
2021-07-25 23:00:00+00:00,18.1,21.1,29.2,26.9,497.1,499.9,21.5,21.6,0.0,225.0,226.0,227.0,12.0,11.0,12.0,0.2,81720.0,0.0
2021-07-26 00:00:00+00:00,17.7,20.9,29.2,27.0,493.7,495.7,21.3,21.4,0.0,227.0,227.0,228.0,12.0,11.0,12.0,0.2,81720.2,0.0
2021-07-26 01:00:00+00:00,17.8,20.9,29.2,27.0,491.6,493.7,21.2,21.3,0.0,228.0,229.0,229.0,12.0,11.0,12.0,0.0,81720.4,
2021-07-26 02:00:00+00:00,17.7,20.8,29.1,27.0,489.5,491.6,21.1,21.2,0.0,228.0,228.0,229.0,12.0,11.0,12.0,0.2,81720.6,0.0
2021-07-26 03:00:00+00:00,17.6,20.8,29.1,27.1,487.5,489.5,20.9,21.1,0.0,228.0,229.0,229.0,12.0,11.0,12.0,0.0,81720.9,
2021-07-26 04:00:00+00:00,17.5,20.7,29.1,27.1,485.4,487.5,20.8,20.9,0.0,228.0,229.0,229.0,12.0,11.0,12.0,0.2,81721.1,0.0
2021-07-26 05:00:00+00:00,17.6,20.6,29.1,27.2,483.3,486.1,20.7,20.8,0.0,229.0,229.0,230.0,12.0,11.0,12.0,0.0,81721.3,
2021-07-26 06:00:00+00:00,17.4,20.6,29.1,27.2,480.6,482.6,20.6,20.7,0.0,228.0,229.0,229.0,12.0,11.0,12.0,0.0,81721.5,
2021-07-26 07:00:00+00:00,17.4,20.5,28.9,27.3,475.7,477.8,20.3,20.4,0.0,227.0,227.0,228.0,12.0,12.0,12.0,0.0,81721.7,
2021-07-26 08:00:00+00:00,17.3,20.4,28.9,27.4,472.3,474.4,20.2,20.3,0.0,225.0,226.0,226.0,12.0,11.0,12.0,0.0,81721.8,
2021-07-26 09:00:00+00:00,17.4,20.3,28.9,27.6,470.2,471.6,20.1,20.1,0.0,224.0,225.0,225.0,10.0,10.0,11.0,0.0,81721.9,
2021-07-26 10:00:00+00:00,18.3,20.3,28.9,27.7,470.9,473.0,20.1,20.2,0.0,224.0,224.0,224.0,10.0,10.0,10.0,0.0,81721.9,
2021-07-26 11:00:00+00:00,15.2,21.8,35.1,30.6,388.2,819.1,15.1,36.3,1864.5,221.0,222.0,222.0,305.0,309.0,304.0,183.8,81898.1,10.14417845484222
2021-07-26 12:00:00+00:00,15.2,20.8,34.2,30.4,384.0,785.3,14.9,35.0,1488.3,225.0,226.0,226.0,218.0,223.0,220.0,153.9,82067.9,9.670565302144249
2021-07-26 13:00:00+00:00,14.9,20.5,33.8,29.8,386.1,761.9,14.9,34.0,1336.5,222.0,223.0,223.0,221.0,223.0,220.0,143.5,82233.3,9.313588850174217
2021-07-26 14:00:00+00:00,15.1,20.2,33.9,30.1,385.4,770.1,14.9,34.3,1395.9,225.0,226.0,226.0,220.0,222.0,217.0,139.7,82357.0,9.99212598425197
2021-07-26 15:00:00+00:00,14.9,20.3,33.7,29.9,387.5,760.5,14.9,34.0,1306.8,226.0,227.0,227.0,219.0,220.0,216.0,143.7,82496.6,9.093945720250522
2021-07-26 16:00:00+00:00,15.1,20.3,33.9,30.2,386.1,769.5,14.9,34.3,1356.3,226.0,227.0,227.0,216.0,218.0,215.0,146.1,82631.3,9.283367556468173
2021-07-26 17:00:00+00:00,14.9,20.4,33.5,29.9,387.5,750.8,15.0,33.6,1197.8999999999999,228.0,228.0,228.0,189.0,191.0,187.0,131.7,82770.6,9.095671981776766
2021-07-26 18:00:00+00:00,15.2,20.6,33.8,30.0,384.7,770.1,14.8,34.3,1419.0,232.0,233.0,233.0,212.0,213.0,209.0,151.0,82912.6,9.397350993377483
2021-07-26 19:00:00+00:00,15.1,20.3,34.1,30.6,387.5,775.7,15.0,34.6,1333.2,225.0,226.0,226.0,211.0,212.0,207.0,144.0,83053.0,9.258333333333333
2021-07-26 20:00:00+00:00,21.1,20.6,30.4,29.9,508.1,510.9,22.1,22.2,0.0,229.0,230.0,230.0,11.0,10.0,11.0,0.5,83174.5,0.0
2021-07-26 21:00:00+00:00,21.1,20.7,30.4,28.8,518.5,519.2,22.6,22.6,0.0,231.0,232.0,232.0,11.0,10.0,11.0,0.0,83174.7,
2021-07-26 22:00:00+00:00,21.4,20.8,30.4,28.1,524.0,524.7,22.9,22.9,0.0,231.0,232.0,232.0,12.0,11.0,12.0,0.0,83174.8,
2021-07-26 23:00:00+00:00,18.7,21.1,30.4,27.7,520.6,520.6,22.8,22.7,0.0,225.0,226.0,226.0,11.0,11.0,12.0,0.2,83175.0,0.0
2021-07-27 00:00:00+00:00,18.3,21.2,30.3,27.6,513.7,513.0,22.4,22.4,0.0,223.0,224.0,225.0,12.0,11.0,12.0,0.2,83175.2,0.0
2021-07-27 01:00:00+00:00,18.1,21.2,30.2,27.4,508.8,508.1,22.2,22.2,0.0,224.0,225.0,226.0,12.0,12.0,12.0,0.2,83175.5,0.0
2021-07-27 02:00:00+00:00,18.1,21.2,30.2,27.4,504.7,504.7,21.9,21.9,0.0,225.0,226.0,226.0,12.0,11.0,12.0,0.2,83175.7,0.0
2021-07-27 03:00:00+00:00,18.0,21.2,30.1,27.3,501.9,504.0,21.8,21.8,0.0,225.0,226.0,226.0,12.0,11.0,12.0,0.2,83176.0,0.0
2021-07-27 04:00:00+00:00,17.9,21.2,29.9,27.2,500.6,503.3,21.7,21.8,0.0,226.0,226.0,226.0,12.0,11.0,12.0,0.2,83176.2,0.0
2021-07-27 05:00:00+00:00,17.9,21.2,29.9,27.2,498.5,500.6,21.6,21.7,0.0,226.0,227.0,227.0,12.0,11.0,12.0,0.2,83176.4,0.0
2021-07-27 06:00:00+00:00,17.8,21.1,29.8,27.1,497.1,499.2,21.5,21.6,0.0,226.0,226.0,227.0,12.0,11.0,12.0,0.2,83176.7,0.0
2021-07-27 07:00:00+00:00,17.9,21.1,29.7,27.1,495.7,498.5,21.5,21.6,0.0,224.0,225.0,225.0,12.0,11.0,12.0,0.2,83176.9,0.0
2021-07-27 08:00:00+00:00,17.7,20.9,29.6,27.1,494.4,496.4,21.4,21.5,0.0,225.0,225.0,226.0,12.0,11.0,12.0,0.2,83177.2,0.0
2021-07-27 09:00:00+00:00,17.7,20.9,29.6,27.1,492.3,494.4,21.3,21.4,0.0,222.0,223.0,223.0,10.0,10.0,11.0,0.2,83177.4,0.0
2021-07-27 10:00:00+00:00,19.0,20.9,29.5,27.1,495.7,497.8,21.4,21.5,0.0,227.0,227.0,227.0,11.0,10.0,11.0,0.2,83177.6,0.0
2021-07-27 11:00:00+00:00,14.8,22.0,34.3,30.0,388.9,758.4,15.1,33.9,1653.3,225.0,226.0,226.0,265.0,265.0,261.0,198.2,83358.2,8.341574167507568
2021-07-27 12:00:00+00:00,15.1,20.9,34.6,30.0,388.2,790.1,15.1,35.2,1607.1,224.0,225.0,225.0,250.0,251.0,248.0,169.1,83533.7,9.503843879361325
2021-07-27 13:00:00+00:00,15.1,20.7,34.7,30.5,386.8,793.6,15.0,35.3,1498.2,225.0,226.0,226.0,237.0,240.0,236.0,163.8,83685.9,9.146520146520146
2021-07-27 14:00:00+00:00,20.9,20.4,30.4,30.0,501.9,504.0,21.7,21.8,0.0,232.0,232.0,233.0,11.0,10.0,11.0,0.3,83818.9,0.0
2021-07-27 15:00:00+00:00,20.8,20.6,30.4,28.9,513.0,513.7,22.3,22.4,0.0,226.0,226.0,226.0,10.0,10.0,10.0,0.0,83819.0,
2021-07-27 16:00:00+00:00,20.2,20.7,30.3,28.1,518.5,518.5,22.6,22.6,0.0,225.0,226.0,226.0,12.0,12.0,12.0,0.0,83819.1,
2021-07-27 17:00:00+00:00,18.3,20.9,30.3,27.8,513.7,513.7,22.4,22.4,0.0,226.0,226.0,226.0,12.0,11.0,12.0,0.2,83819.3,0.0
2021-07-27 18:00:00+00:00,17.9,21.0,30.2,27.6,507.5,506.8,22.1,22.1,0.0,228.0,229.0,229.0,12.0,11.0,12.0,0.2,83819.5,0.0
2021-07-27 19:00:00+00:00,17.9,21.0,30.2,27.4,503.3,503.3,21.8,21.8,0.0,226.0,227.0,227.0,12.0,11.0,12.0,0.0,83819.8,
2021-07-27 20:00:00+00:00,17.8,21.0,30.1,27.3,500.6,499.9,21.7,21.6,0.0,231.0,232.0,232.0,12.0,11.0,12.0,0.2,83820.0,0.0
2021-07-27 21:00:00+00:00,17.8,21.0,30.0,27.2,497.8,499.9,21.6,21.6,0.0,228.0,229.0,229.0,12.0,11.0,12.0,0.2,83820.2,0.0
2021-07-27 22:00:00+00:00,17.8,21.0,29.9,27.2,497.1,499.2,21.5,21.6,0.0,229.0,230.0,230.0,12.0,11.0,12.0,0.0,83820.4,
2021-07-27 23:00:00+00:00,17.7,20.9,29.8,27.1,495.0,497.8,21.4,21.5,0.0,229.0,230.0,230.0,12.0,11.0,12.0,0.0,83820.7,
2021-07-28 00:00:00+00:00,17.8,20.9,29.8,27.1,493.7,496.4,21.4,21.5,0.0,230.0,231.0,231.0,12.0,12.0,12.0,0.2,83820.9,0.0
2021-07-28 01:00:00+00:00,17.7,20.9,29.7,27.1,492.3,495.0,21.3,21.4,0.0,227.0,227.0,228.0,12.0,11.0,12.0,0.2,83821.1,0.0
2021-07-28 02:00:00+00:00,17.6,20.8,29.6,27.1,490.9,493.0,21.2,21.3,0.0,227.0,227.0,228.0,12.0,11.0,12.0,0.2,83821.3,0.0
2021-07-28 03:00:00+00:00,17.6,20.8,29.6,27.1,488.8,490.9,21.1,21.2,0.0,227.0,228.0,228.0,12.0,11.0,12.0,0.2,83821.6,0.0
2021-07-28 04:00:00+00:00,17.4,20.7,29.4,27.1,487.5,489.5,20.9,21.1,0.0,227.0,228.0,228.0,12.0,11.0,12.0,0.2,83821.8,0.0
2021-07-28 05:00:00+00:00,17.5,20.7,29.3,27.1,486.1,488.1,20.9,21.1,0.0,227.0,228.0,228.0,12.0,11.0,12.0,0.2,83822.0,0.0
2021-07-28 06:00:00+00:00,17.5,20.6,29.3,27.1,484.7,486.8,20.8,20.9,0.0,227.0,227.0,228.0,12.0,11.0,12.0,0.2,83822.2,0.0
2021-07-28 07:00:00+00:00,17.6,20.6,29.2,27.2,483.3,485.4,20.7,20.8,0.0,226.0,226.0,227.0,12.0,11.0,12.0,0.2,83822.4,0.0
2021-07-28 08:00:00+00:00,17.4,20.4,29.2,27.2,481.9,484.0,20.7,20.8,0.0,227.0,227.0,227.0,12.0,12.0,12.0,0.2,83822.7,0.0
2021-07-28 09:00:00+00:00,17.4,20.4,29.2,27.3,479.9,481.9,20.5,20.7,0.0,232.0,232.0,233.0,12.0,11.0,12.0,0.2,83822.9,0.0
2021-07-28 10:00:00+00:00,17.4,20.3,29.1,27.3,475.7,477.8,20.3,20.4,0.0,225.0,226.0,226.0,12.0,11.0,12.0,0.2,83823.1,0.0
2021-07-28 11:00:00+00:00,18.2,20.2,29.1,27.4,474.4,476.4,20.3,20.4,0.0,225.0,225.0,225.0,10.0,10.0,11.0,0.0,83823.3,
2021-07-28 12:00:00+00:00,15.2,22.2,35.1,30.1,380.6,807.4,14.6,35.9,1821.6,230.0,231.0,231.0,275.0,278.0,276.0,197.1,83976.6,9.24200913242009
2021-07-28 13:00:00+00:00,15.1,21.1,34.5,30.4,384.7,786.0,14.9,35.0,1452.0,227.0,228.0,228.0,233.0,237.0,230.0,158.1,84141.3,9.184060721062618
2021-07-28 14:00:00+00:00,15.0,20.7,34.7,30.4,383.3,784.6,14.8,35.0,1452.0,225.0,226.0,226.0,239.0,241.0,237.0,163.0,84293.2,8.9079754601227
2021-07-28 15:00:00+00:00,14.8,20.7,34.4,30.2,348.9,763.2,14.6,34.4,1356.3,226.0,226.0,226.0,245.0,245.0,243.0,153.6,84438.7,8.830078125
2021-07-28 16:00:00+00:00,20.8,20.8,30.3,29.0,515.0,515.7,22.4,22.5,0.0,227.0,228.0,228.0,10.0,10.0,11.0,0.0,84439.9,
2021-07-28 17:00:00+00:00,21.3,20.9,30.3,28.1,521.2,521.9,22.8,22.8,0.0,226.0,228.0,228.0,12.0,11.0,12.0,0.0,84440.0,
2021-07-28 18:00:00+00:00,18.3,21.0,30.3,27.8,518.5,518.5,22.7,22.6,0.0,230.0,231.0,231.0,12.0,11.0,12.0,0.2,84440.1,0.0
2021-07-28 19:00:00+00:00,18.1,21.1,30.2,27.6,511.6,510.9,22.3,22.3,0.0,229.0,230.0,230.0,12.0,11.0,12.0,0.2,84440.4,0.0
2021-07-28 20:00:00+00:00,17.9,21.1,30.2,27.3,506.1,505.4,22.0,21.9,0.0,231.0,232.0,232.0,12.0,11.0,12.0,0.2,84440.6,0.0
2021-07-28 21:00:00+00:00,17.7,21.1,30.1,27.2,501.9,503.3,21.8,21.8,0.0,229.0,230.0,230.0,12.0,12.0,12.0,0.2,84440.9,0.0
2021-07-28 22:00:00+00:00,17.7,21.0,29.9,27.1,499.2,501.9,21.7,21.7,0.0,229.0,230.0,230.0,12.0,11.0,12.0,0.2,84441.1,0.0
2021-07-28 23:00:00+00:00,17.6,21.0,29.9,27.0,497.1,499.2,21.6,21.6,0.0,229.0,230.0,230.0,12.0,11.0,12.0,0.2,84441.4,0.0
2021-07-29 00:00:00+00:00,17.7,20.9,29.8,27.0,495.0,497.8,21.4,21.5,0.0,227.0,228.0,228.0,12.0,11.0,12.0,0.2,84441.6,0.0
2021-07-29 01:00:00+00:00,17.7,20.9,29.7,27.0,493.7,495.7,21.3,21.4,0.0,226.0,226.0,227.0,12.0,11.0,12.0,0.2,84441.9,0.0
2021-07-29 02:00:00+00:00,17.4,20.8,29.6,26.9,492.3,493.7,21.2,21.4,0.0,226.0,227.0,227.0,12.0,11.0,12.0,0.3,84442.1,0.0
2021-07-29 03:00:00+00:00,17.6,20.8,29.5,26.9,490.2,492.3,21.1,21.3,0.0,227.0,227.0,228.0,12.0,11.0,12.0,0.2,84442.3,0.0
2021-07-29 04:00:00+00:00,17.4,20.7,29.5,26.9,488.8,490.2,21.0,21.2,0.0,226.0,226.0,227.0,12.0,11.0,12.0,0.2,84442.6,0.0
2021-07-29 05:00:00+00:00,17.5,20.7,29.4,26.9,486.8,488.8,21.0,21.1,0.0,226.0,226.0,227.0,12.0,11.0,12.0,0.2,84442.8,0.0
2021-07-29 06:00:00+00:00,17.4,20.6,29.3,26.9,485.4,487.5,20.9,20.9,0.0,226.0,226.0,227.0,12.0,11.0,12.0,0.2,84443.1,0.0
2021-07-29 07:00:00+00:00,17.4,20.4,29.3,26.9,484.0,486.1,20.8,20.8,0.0,226.0,227.0,227.0,12.0,11.0,12.0,0.2,84443.3,0.0
2021-07-29 08:00:00+00:00,17.4,20.4,29.2,27.0,482.6,484.7,20.7,20.8,0.0,227.0,227.0,228.0,12.0,11.0,12.0,0.2,84443.5,0.0
2021-07-29 09:00:00+00:00,20.1,20.2,29.2,27.0,477.1,479.2,20.4,20.4,0.0,228.0,229.0,229.0,11.0,10.0,11.0,0.2,84443.8,0.0
2021-07-29 10:00:00+00:00,20.8,20.9,29.1,27.0,489.5,492.3,21.2,21.2,0.0,226.0,226.0,226.0,10.0,10.0,11.0,0.0,84443.8,
2021-07-29 11:00:00+00:00,22.8,22.9,29.1,27.1,528.1,530.2,23.2,23.2,0.0,226.0,227.0,227.0,12.0,11.0,12.0,0.0,84443.9,
2021-07-29 12:00:00+00:00,18.7,22.8,28.9,27.2,517.1,519.9,22.6,22.8,0.0,228.0,229.0,228.0,12.0,11.0,12.0,0.0,84444.0,
2021-07-29 13:00:00+00:00,18.3,22.5,28.9,27.3,505.4,507.5,21.9,22.1,0.0,226.0,227.0,227.0,12.0,11.0,12.0,0.0,84444.1,
2021-07-29 14:00:00+00:00,20.2,20.3,28.9,27.4,481.3,482.6,20.6,20.7,0.0,230.0,230.0,230.0,11.0,10.0,11.0,0.0,84444.2,
2021-07-29 15:00:00+00:00,21.7,21.8,28.9,27.6,505.4,507.5,21.9,22.0,0.0,232.0,233.0,233.0,11.0,10.0,11.0,0.0,84444.3,
2021-07-29 16:00:00+00:00,18.9,22.6,28.9,27.7,511.6,514.3,22.3,22.4,0.0,231.0,232.0,232.0,12.0,12.0,12.0,0.0,84444.4,
2021-07-29 17:00:00+00:00,18.0,22.2,28.9,27.8,500.6,502.6,21.7,21.8,0.0,230.0,231.0,231.0,12.0,11.0,12.0,0.0,84444.5,
2021-07-29 18:00:00+00:00,17.8,21.9,28.9,27.8,492.3,494.4,21.2,21.4,0.0,227.0,228.0,228.0,12.0,12.0,12.0,0.0,84444.6,
2021-07-29 19:00:00+00:00,17.7,21.6,28.9,27.9,486.1,488.1,20.9,21.1,0.0,226.0,227.0,227.0,12.0,12.0,12.0,0.0,84444.7,
2021-07-29 20:00:00+00:00,17.6,21.3,28.9,28.0,481.3,482.6,20.7,20.7,0.0,229.0,230.0,230.0,12.0,12.0,12.0,0.0,84444.8,
2021-07-29 21:00:00+00:00,17.4,21.0,28.9,28.0,476.4,478.5,20.3,20.5,0.0,227.0,228.0,228.0,12.0,11.0,12.0,0.0,84444.9,
2021-07-29 22:00:00+00:00,17.2,20.8,28.9,28.1,472.3,475.0,20.1,20.3,0.0,228.0,229.0,229.0,12.0,11.0,12.0,0.0,84445.0,
2021-07-29 23:00:00+00:00,17.9,20.7,28.9,28.1,471.6,473.7,20.1,20.2,0.0,228.0,229.0,229.0,11.0,10.0,11.0,0.0,84445.1,
2021-07-30 00:00:00+00:00,18.7,20.6,28.8,28.1,473.0,475.0,20.1,20.3,0.0,229.0,230.0,230.0,12.0,11.0,12.0,0.2,84445.2,0.0
2021-07-30 01:00:00+00:00,17.3,20.4,28.8,28.1,468.8,471.6,20.0,20.1,0.0,230.0,230.0,231.0,12.0,12.0,12.0,0.0,84445.3,
2021-07-30 02:00:00+00:00,17.1,20.2,28.8,28.2,466.1,468.2,19.8,19.8,0.0,229.0,230.0,230.0,12.0,12.0,12.0,0.0,84445.4,
2021-07-30 03:00:00+00:00,17.0,20.1,28.8,28.2,463.3,465.4,19.7,19.7,0.0,230.0,231.0,231.0,12.0,12.0,12.0,0.0,84445.5,
2021-07-30 04:00:00+00:00,16.9,20.0,28.8,28.2,460.6,463.3,19.4,19.6,0.0,230.0,231.0,231.0,12.0,11.0,12.0,0.0,84445.6,
2021-07-30 05:00:00+00:00,16.9,19.9,28.8,28.3,459.2,461.3,19.4,19.5,0.0,230.0,231.0,231.0,12.0,12.0,12.0,0.0,84445.7,
2021-07-30 06:00:00+00:00,16.8,19.8,28.8,28.3,457.8,459.9,19.3,19.4,0.0,230.0,231.0,231.0,12.0,12.0,12.0,0.0,84445.8,
2021-07-30 07:00:00+00:00,16.8,19.7,28.8,28.3,456.4,458.5,19.2,19.3,0.0,229.0,230.0,230.0,12.0,12.0,12.0,0.0,84445.9,
2021-07-30 08:00:00+00:00,16.8,19.6,28.8,28.3,455.7,457.1,19.2,19.3,0.0,227.0,228.0,228.0,12.0,12.0,12.0,0.0,84446.0,
2021-07-30 09:00:00+00:00,16.7,19.4,28.8,28.3,454.4,455.7,19.1,19.2,0.0,226.0,227.0,227.0,12.0,12.0,12.0,0.0,84446.1,
2021-07-30 10:00:00+00:00,16.7,19.3,28.8,28.3,453.0,454.4,19.0,19.1,0.0,226.0,226.0,227.0,12.0,12.0,12.0,0.0,84446.2,
2021-07-30 11:00:00+00:00,16.7,19.3,28.8,28.3,452.3,453.7,19.0,19.1,0.0,225.0,226.0,226.0,12.0,12.0,12.0,0.0,84446.3,
2021-07-30 12:00:00+00:00,16.6,19.2,28.8,28.3,451.6,453.0,18.9,19.1,0.0,227.0,228.0,228.0,12.0,12.0,12.0,0.2,84446.4,0.0
2021-07-30 13:00:00+00:00,16.6,19.2,28.8,28.3,450.2,452.3,18.9,18.9,0.0,226.0,227.0,227.0,12.0,11.0,12.0,0.0,84446.5,
2021-07-30 14:00:00+00:00,20.3,20.4,28.8,28.4,481.9,484.0,20.6,20.7,0.0,226.0,226.0,226.0,10.0,10.0,11.0,0.0,84446.6,
2021-07-30 15:00:00+00:00,21.4,21.4,28.8,28.4,499.2,501.2,21.6,21.7,0.0,226.0,227.0,227.0,11.0,10.0,11.0,0.0,84446.7,
2021-07-30 16:00:00+00:00,14.9,22.0,34.9,29.4,383.3,781.2,14.7,34.8,1798.5,226.0,226.0,226.0,286.0,287.0,284.0,190.4,84587.3,9.445903361344538
2021-07-30 17:00:00+00:00,14.8,21.0,34.3,29.8,388.9,769.5,15.1,34.3,1389.3,228.0,228.0,228.0,241.0,245.0,238.0,155.4,84761.6,8.940154440154439
2021-07-30 18:00:00+00:00,15.1,20.8,33.9,29.9,383.3,769.5,14.7,34.3,1412.4,229.0,230.0,229.0,225.0,225.0,222.0,152.3,84907.3,9.273801707156927
2021-07-30 19:00:00+00:00,14.9,20.7,33.6,29.8,388.9,755.0,15.1,33.7,1247.3999999999999,228.0,229.0,229.0,196.0,198.0,195.0,133.1,85047.0,9.37190082644628
2021-07-30 20:00:00+00:00,20.9,20.8,29.6,29.4,503.3,505.4,21.8,21.9,0.0,231.0,231.0,232.0,12.0,10.0,11.0,0.5,85169.7,0.0
2021-07-30 21:00:00+00:00,20.9,20.8,29.6,28.3,514.3,514.3,22.4,22.4,0.0,228.0,229.0,229.0,11.0,10.0,11.0,0.0,85169.9,
2021-07-30 22:00:00+00:00,15.0,21.0,34.0,30.1,389.6,775.0,15.2,34.6,1356.3,229.0,230.0,230.0,213.0,215.0,211.0,143.7,85298.9,9.438413361169102
2021-07-30 23:00:00+00:00,15.1,20.8,34.4,29.8,385.4,763.9,14.9,34.1,1356.3,228.0,228.0,229.0,211.0,209.0,208.0,141.9,85444.6,9.55813953488372
2021-07-31 00:00:00+00:00,14.9,20.8,33.8,29.9,380.6,762.6,14.6,34.1,1329.9,228.0,229.0,229.0,217.0,218.0,216.0,147.5,85589.7,9.016271186440678
2021-07-31 01:00:00+00:00,15.0,20.7,33.7,29.9,388.9,760.5,15.1,33.9,1257.3,229.0,230.0,230.0,200.0,201.0,200.0,133.0,85730.8,9.453383458646616
2021-07-31 02:00:00+00:00,14.9,20.7,34.0,30.0,383.3,769.5,14.8,34.3,1313.4,229.0,230.0,230.0,217.0,216.0,217.0,145.8,85875.2,9.008230452674898
2021-07-31 03:00:00+00:00,15.1,21.0,34.3,30.7,387.5,779.1,15.1,34.7,1313.4,230.0,230.0,230.0,208.0,211.0,209.0,143.5,86017.3,9.15261324041812
2021-07-31 04:00:00+00:00,15.1,20.6,33.9,30.2,386.1,763.9,14.9,34.1,1277.1000000000001,229.0,230.0,230.0,198.0,201.0,200.0,137.6,86163.0,9.281250000000002
2021-07-31 05:00:00+00:00,14.9,20.7,33.8,29.9,381.3,762.6,14.6,34.1,1353.0,230.0,231.0,231.0,214.0,215.0,214.0,147.5,86305.3,9.172881355932203
2021-07-31 06:00:00+00:00,15.1,20.7,34.2,30.5,386.8,778.4,14.9,34.7,1329.9,230.0,231.0,231.0,207.0,209.0,204.0,142.7,86445.7,9.319551506657325
2021-07-31 07:00:00+00:00,15.0,20.6,33.6,29.7,388.2,751.5,15.1,33.7,1230.8999999999999,227.0,227.0,228.0,196.0,197.0,192.0,133.8,86589.3,9.199551569506724
2021-07-31 08:00:00+00:00,15.1,20.7,33.7,30.2,386.1,761.2,14.9,34.0,1263.8999999999999,227.0,228.0,228.0,197.0,197.0,195.0,134.7,86788.5,9.383073496659243
2021-07-31 09:00:00+00:00,15.1,20.8,33.6,30.1,386.1,756.4,14.9,33.7,1201.2,226.0,227.0,227.0,190.0,188.0,188.0,129.4,86861.3,9.282843894899536
2021-07-31 10:00:00+00:00,14.9,20.8,33.9,30.1,382.0,760.5,14.4,33.9,1395.9,225.0,226.0,225.0,201.0,203.0,199.0,5.8,86997.5,240.67241379310346
2021-07-31 11:00:00+00:00,20.9,20.8,30.3,28.9,515.0,515.7,22.4,22.5,0.0,225.0,226.0,226.0,10.0,10.0,11.0,0.0,86999.5,
2021-07-31 12:00:00+00:00,18.9,20.9,30.3,28.0,517.8,518.5,22.7,22.6,0.0,229.0,230.0,230.0,12.0,12.0,12.0,0.0,86999.5,
2021-07-31 13:00:00+00:00,18.2,21.1,30.2,27.7,512.3,512.3,22.3,22.3,0.0,227.0,228.0,228.0,12.0,11.0,12.0,0.2,86999.7,0.0
2021-07-31 14:00:00+00:00,18.1,21.1,30.2,27.4,508.1,508.1,22.1,22.1,0.0,224.0,225.0,225.0,12.0,11.0,12.0,0.2,86999.9,0.0
2021-07-31 15:00:00+00:00,18.6,21.1,30.1,27.3,506.1,505.4,22.0,21.9,0.0,229.0,230.0,229.0,11.0,10.0,11.0,0.2,87000.1,0.0
2021-07-31 16:00:00+00:00,18.5,21.2,29.9,27.2,508.1,510.2,22.1,22.2,0.0,229.0,230.0,230.0,12.0,11.0,12.0,0.2,87000.3,0.0
2021-07-31 17:00:00+00:00,17.9,21.2,29.9,27.2,504.0,506.8,21.9,22.1,0.0,227.0,228.0,228.0,12.0,11.0,12.0,0.2,87000.5,0.0
2021-07-31 18:00:00+00:00,17.8,21.2,29.8,27.1,501.9,504.0,21.8,21.8,0.0,228.0,229.0,229.0,12.0,11.0,12.0,0.2,87000.8,0.0
2021-07-31 19:00:00+00:00,17.8,21.1,29.7,27.1,499.2,501.2,21.7,21.7,0.0,228.0,229.0,229.0,12.0,11.0,12.0,0.0,87001.0,
2021-07-31 20:00:00+00:00,17.7,21.1,29.7,27.0,497.8,499.9,21.6,21.6,0.0,229.0,230.0,230.0,12.0,11.0,12.0,0.0,87001.2,
2021-07-31 21:00:00+00:00,17.8,21.0,29.6,27.0,495.7,498.5,21.4,21.6,0.0,230.0,231.0,231.0,12.0,11.0,12.0,0.2,87001.5,0.0
2021-07-31 22:00:00+00:00,17.8,21.0,29.5,27.0,494.4,496.4,21.3,21.5,0.0,230.0,231.0,231.0,12.0,11.0,12.0,0.2,87001.7,0.0
2021-07-31 23:00:00+00:00,17.7,20.9,29.5,27.0,492.3,495.0,21.2,21.4,0.0,227.0,227.0,228.0,12.0,11.0,12.0,0.2,87001.9,0.0
2021-08-01 00:00:00+00:00,17.6,20.9,29.4,27.0,490.9,493.0,21.2,21.3,0.0,227.0,227.0,228.0,12.0,11.0,12.0,0.2,87002.2,0.0
2021-08-01 01:00:00+00:00,17.7,20.8,29.4,27.1,489.5,490.9,21.1,21.2,0.0,228.0,229.0,230.0,12.0,11.0,12.0,0.2,87002.4,0.0
2021-08-01 02:00:00+00:00,17.6,20.8,29.3,27.1,487.5,489.5,21.0,21.1,0.0,228.0,229.0,230.0,12.0,11.0,12.0,0.2,87002.6,0.0
2021-08-01 03:00:00+00:00,17.6,20.7,29.3,27.1,486.1,488.1,20.9,21.1,0.0,228.0,228.0,229.0,12.0,11.0,12.0,0.2,87002.8,0.0
2021-08-01 04:00:00+00:00,17.4,20.7,29.2,27.2,484.0,486.8,20.8,20.9,0.0,229.0,229.0,230.0,12.0,11.0,12.0,0.2,87003.1,0.0
2021-08-01 05:00:00+00:00,17.5,20.6,29.2,27.2,482.6,484.7,20.7,20.8,0.0,229.0,230.0,230.0,12.0,11.0,12.0,0.2,87003.3,0.0
2021-08-01 06:00:00+00:00,0.0,0.0,0.0,0.0,0.0,0.0,0.0,0.0,0.0,0.0,0.0,0.0,0.0,0.0,0.0,0.0,0.0,
2021-08-01 07:00:00+00:00,17.4,20.4,29.1,27.3,475.7,477.8,20.3,20.5,0.0,230.0,230.0,231.0,12.0,11.0,12.0,0.2,87003.8,0.0
2021-08-01 08:00:00+00:00,17.3,20.3,29.1,27.4,473.0,474.4,20.1,20.3,0.0,228.0,229.0,229.0,12.0,11.0,12.0,0.0,87004.0,
2021-08-01 09:00:00+00:00,20.1,20.2,28.9,27.6,475.7,477.8,20.3,20.5,0.0,226.0,227.0,227.0,10.0,10.0,11.0,0.0,87004.0,
2021-08-01 10:00:00+00:00,21.2,21.3,28.9,27.7,496.4,498.5,21.4,21.6,0.0,225.0,225.0,226.0,10.0,10.0,11.0,0.0,87004.1,
2021-08-01 11:00:00+00:00,19.4,21.9,28.9,27.8,505.4,508.1,21.9,22.1,0.0,226.0,227.0,227.0,12.0,12.0,12.0,0.0,87004.1,
2021-08-01 12:00:00+00:00,17.9,21.7,28.9,27.8,494.4,496.4,21.4,21.4,0.0,228.0,229.0,229.0,12.0,12.0,12.0,0.0,87004.2,
2021-08-01 13:00:00+00:00,18.2,21.5,28.9,27.9,487.5,489.5,20.9,21.1,0.0,227.0,228.0,228.0,11.0,10.0,11.0,0.0,87004.3,
2021-08-01 14:00:00+00:00,18.7,21.4,28.8,27.9,487.5,488.8,20.9,21.1,0.0,225.0,226.0,226.0,12.0,11.0,12.0,0.0,87004.4,
2021-08-01 15:00:00+00:00,17.6,21.2,28.8,28.0,481.3,483.3,20.6,20.7,0.0,226.0,227.0,227.0,12.0,11.0,12.0,0.2,87004.5,0.0
2021-08-01 16:00:00+00:00,17.4,20.9,28.8,28.0,476.4,477.8,20.4,20.4,0.0,226.0,228.0,228.0,12.0,11.0,12.0,0.0,87004.5,
2021-08-01 17:00:00+00:00,17.4,20.7,28.8,28.1,472.3,474.4,20.2,20.2,0.0,227.0,228.0,228.0,12.0,12.0,12.0,0.0,87004.6,
2021-08-01 18:00:00+00:00,17.2,20.5,28.8,28.1,469.5,470.9,19.9,20.1,0.0,230.0,230.0,230.0,12.0,12.0,12.0,0.0,87004.7,
2021-08-01 19:00:00+00:00,17.2,20.4,28.8,28.1,466.1,468.2,19.8,19.9,0.0,230.0,231.0,231.0,12.0,11.0,12.0,0.0,87004.8,
2021-08-01 20:00:00+00:00,17.1,20.2,28.8,28.2,463.3,466.1,19.6,19.8,0.0,230.0,231.0,231.0,12.0,12.0,12.0,0.0,87004.9,
2021-08-01 21:00:00+00:00,16.9,20.1,28.8,28.2,461.3,464.0,19.5,19.7,0.0,230.0,231.0,231.0,12.0,11.0,12.0,0.0,87005.0,
2021-08-01 22:00:00+00:00,16.8,19.9,28.8,28.2,459.2,461.3,19.4,19.6,0.0,227.0,228.0,228.0,12.0,11.0,12.0,0.0,87005.1,
2021-08-01 23:00:00+00:00,16.8,19.7,28.8,28.3,457.8,459.2,19.3,19.4,0.0,226.0,227.0,227.0,12.0,12.0,12.0,0.0,87005.2,
2021-08-02 00:00:00+00:00,16.8,19.6,28.8,28.3,456.4,458.5,19.3,19.3,0.0,227.0,228.0,228.0,12.0,11.0,12.0,0.0,87005.3,
2021-08-02 01:00:00+00:00,16.7,19.6,28.8,28.3,455.1,456.4,19.2,19.2,0.0,228.0,229.0,230.0,12.0,11.0,12.0,0.0,87005.3,
2021-08-02 02:00:00+00:00,16.7,19.5,28.8,28.3,453.7,455.7,19.1,19.2,0.0,230.0,231.0,231.0,12.0,12.0,12.0,0.2,87005.4,0.0
2021-08-02 03:00:00+00:00,16.7,19.4,28.8,28.3,453.0,454.4,19.1,19.1,0.0,230.0,230.0,230.0,12.0,12.0,12.0,0.0,87005.5,
2021-08-02 04:00:00+00:00,16.6,19.3,28.8,28.3,451.6,453.7,18.9,19.1,0.0,229.0,230.0,230.0,12.0,11.0,12.0,0.0,87005.6,
2021-08-02 05:00:00+00:00,16.5,19.3,28.8,28.3,450.9,452.3,18.9,19.0,0.0,229.0,230.0,230.0,12.0,12.0,12.0,0.0,87005.7,
2021-08-02 06:00:00+00:00,16.6,19.2,28.8,28.3,450.2,451.6,18.8,18.9,0.0,229.0,230.0,230.0,12.0,11.0,12.0,0.0,87005.8,
2021-08-02 07:00:00+00:00,16.6,19.2,28.8,28.3,449.5,450.9,18.8,18.9,0.0,227.0,228.0,228.0,12.0,11.0,12.0,0.0,87005.9,
2021-08-02 08:00:00+00:00,16.5,19.2,28.8,28.3,448.8,450.9,18.8,18.9,0.0,231.0,231.0,231.0,12.0,11.0,12.0,0.0,87006.0,
2021-08-02 09:00:00+00:00,20.0,20.2,28.8,28.3,475.0,477.1,20.3,20.4,0.0,227.0,228.0,228.0,11.0,10.0,11.0,0.0,87006.0,
2021-08-02 10:00:00+00:00,20.7,20.7,28.8,28.3,487.5,489.5,20.9,21.1,0.0,225.0,226.0,226.0,10.0,10.0,11.0,0.0,87006.1,
2021-08-02 11:00:00+00:00,20.1,21.8,28.8,28.3,504.0,506.1,21.9,22.1,0.0,224.0,224.0,224.0,12.0,11.0,12.0,0.0,87006.1,
2021-08-02 12:00:00+00:00,17.9,21.6,28.8,28.3,492.3,493.7,21.3,21.4,0.0,229.0,230.0,230.0,12.0,11.0,12.0,0.0,87006.2,
2021-08-02 13:00:00+00:00,18.4,21.4,28.8,28.3,486.8,488.8,20.9,21.1,0.0,227.0,228.0,228.0,11.0,10.0,11.0,0.0,87006.3,
2021-08-02 14:00:00+00:00,14.8,21.6,34.7,29.9,382.0,766.0,14.7,34.2,1775.4,229.0,230.0,230.0,309.0,310.0,306.0,204.2,87196.4,8.694417238001959
2021-08-02 15:00:00+00:00,14.9,20.3,34.6,30.1,386.8,779.1,15.0,34.8,1475.1,229.0,230.0,230.0,237.0,238.0,235.0,158.7,87367.3,9.294896030245747
2021-08-02 16:00:00+00:00,20.2,20.0,29.7,29.1,493.7,495.0,21.3,21.3,0.0,229.0,230.0,230.0,11.0,10.0,11.0,0.0,87462.5,
2021-08-02 17:00:00+00:00,15.8,21.9,35.7,30.4,393.0,788.8,15.4,35.4,1983.3,230.0,230.0,230.0,317.0,317.0,315.0,218.1,87480.5,9.09353507565337
2021-08-02 18:00:00+00:00,15.1,20.4,35.0,31.1,390.9,797.7,15.2,35.4,1428.9,229.0,230.0,230.0,225.0,226.0,223.0,155.4,87647.9,9.194980694980694
2021-08-02 19:00:00+00:00,15.2,20.9,35.2,29.4,388.9,825.3,15.1,36.6,1772.1,230.0,230.0,230.0,287.0,288.0,284.0,181.8,87809.7,9.747524752475247
2021-08-02 20:00:00+00:00,14.9,20.3,33.7,29.3,384.0,759.8,14.9,33.9,1399.2,230.0,230.0,230.0,221.0,220.0,217.0,148.2,87970.1,9.441295546558706
2021-08-02 21:00:00+00:00,14.9,20.3,32.9,28.7,389.6,736.4,15.1,33.0,1221.0,228.0,229.0,229.0,187.0,189.0,186.0,126.9,88108.1,9.621749408983451
2021-08-02 22:00:00+00:00,20.7,20.6,29.9,29.3,506.1,508.1,22.0,22.0,0.0,230.0,231.0,231.0,11.0,10.0,11.0,0.0,88181.1,
2021-08-02 23:00:00+00:00,15.0,21.7,34.6,29.0,385.4,794.3,14.9,35.3,1844.7,226.0,227.0,227.0,290.0,292.0,288.0,196.8,88253.2,9.373475609756097
2021-08-03 00:00:00+00:00,15.0,20.6,33.6,28.8,384.0,760.5,14.8,33.9,1478.4,228.0,228.0,229.0,231.0,232.0,230.0,157.4,88429.4,9.392630241423126
2021-08-03 01:00:00+00:00,15.0,20.3,34.2,29.7,386.8,780.5,15.1,34.7,1362.9,228.0,228.0,228.0,222.0,221.0,218.0,149.0,88580.4,9.146979865771813
2021-08-03 02:00:00+00:00,15.0,20.4,33.6,29.4,381.3,757.7,14.7,33.8,1320.0,228.0,229.0,229.0,215.0,214.0,212.0,144.8,88719.0,9.116022099447513
2021-08-03 03:00:00+00:00,15.0,20.4,33.6,29.4,384.0,751.5,14.8,33.6,1240.8,228.0,229.0,229.0,200.0,202.0,197.0,133.1,88850.7,9.322314049586778
2021-08-03 04:00:00+00:00,15.1,20.3,32.8,29.2,384.0,737.0,14.9,32.9,1201.2,225.0,226.0,226.0,191.0,189.0,188.0,124.5,88982.4,9.648192771084338
2021-08-03 05:00:00+00:00,15.1,20.4,33.2,29.7,384.0,750.8,14.8,33.6,1221.0,226.0,226.0,226.0,196.0,196.0,193.0,131.4,89113.7,9.292237442922374
2021-08-03 06:00:00+00:00,15.1,20.3,32.9,29.6,389.6,746.7,15.1,33.3,1214.3999999999999,226.0,226.0,227.0,187.0,188.0,181.0,128.6,89242.6,9.443234836702954
2021-08-03 07:00:00+00:00,14.8,20.3,33.4,29.7,388.9,746.0,15.1,33.4,1164.8999999999999,226.0,226.0,227.0,188.0,185.0,187.0,130.6,89374.1,8.919601837672282
2021-08-03 08:00:00+00:00,15.1,20.4,33.2,29.5,382.7,750.8,14.8,33.6,1267.2,227.0,228.0,228.0,199.0,199.0,195.0,132.2,89506.2,9.585476550680788
2021-08-03 09:00:00+00:00,20.4,20.3,29.7,29.3,496.4,497.8,21.4,21.6,0.0,227.0,227.0,227.0,11.0,10.0,11.0,0.3,89622.4,0.0
